,company,model,year,fuel,doors,transmisions,motor,bodywork
0,Volkswagen,Amarok CD,2022,Diésel,4,Automática,3.0,Pick-Up
2,Renault,Kangoo,2023,Diésel,3,Manual,1.5,Furgón
3,Fiat,Cronos,2023,Nafta,4,Manual,1.3,Sedán
4,Fiat,Cronos,2023,Nafta,4,Automática,1.3,Sedán
5,Fiat,Cronos,2023,Nafta,4,Automática,1.3,Sedán
6,Chevrolet,Tracker,2023,Nafta,5,Automática,1.2,SUV
7,Renault,Kangoo,2023,Nafta,3,Manual,1.6,Furgón
8,Chevrolet,Tracker,2023,Nafta,5,Automática,1.2,SUV
9,Chevrolet,Tracker,2023,Nafta,5,Automática,1.2,SUV
10,Chevrolet,Tracker,2023,Nafta,5,Automática,1.2,SUV
11,Chevrolet,Tracker,2023,Nafta,5,Automática,1.2,SUV
12,Chevrolet,Tracker,2023,Nafta,5,Automática,1.2,SUV
13,Chevrolet,Tracker,2023,Nafta,5,Automática,1.2,SUV
14,Chevrolet,Tracker,2023,Nafta,5,Automática,1.2,SUV
15,Chevrolet,Tracker,2023,Nafta,5,Automática,1.2,SUV
16,Chevrolet,Tracker,2023,Nafta,5,Automática,1.2,SUV
17,Chevrolet,Tracker,2023,Nafta,5,Automática,1.2,SUV
18,Jeep,Compass,2023,Nafta,5,Automática,1.3,SUV
19,Fiat,Cronos,2022,Nafta,4,Manual,1.3,Sedán
20,Fiat,Cronos,2023,Nafta,4,Manual,1.3,Sedán
21,Fiat,Toro,2023,Diésel,4,Automática,2.0,Pick-Up
22,Volkswagen,Taos,2023,Nafta,5,Automática,1.4,SUV
23,Fiat,Pulse,2022,Nafta,5,Manual,1.3,SUV
24,Volkswagen,Taos,2023,Nafta,5,Automática,1.4,SUV
25,Volkswagen,Amarok,2023,Diésel,4,Automática,3.0,Pick-Up
26,Fiat,Cronos,2023,Nafta,4,Automática,1.3,Sedán
27,Chevrolet,Tracker,2023,Nafta,5,Automática,1.2,SUV
28,Volkswagen,Amarok,2023,Diésel,4,Automática,2.0,Pick-Up
29,Chevrolet,Equinox,2023,Nafta,5,Automática,1.5,SUV
30,Renault,Duster,2023,Nafta,5,Manual,1.6,SUV
31,Volkswagen,Taos,2023,Nafta,5,Automática,1.4,SUV
32,Chevrolet,Onix,2023,Nafta,5,Manual,1.2,Hatchback
33,Chevrolet,Tracker,2023,Nafta,5,Automática,1.2,SUV
34,Peugeot,208,2023,Nafta,5,Automática,1.6,Hatchback
35,Volkswagen,Taos,2023,Nafta,5,Automática,1.4,SUV
36,Fiat,Pulse,2023,Nafta,5,Automática,1.3,SUV
37,Fiat,Cronos,2023,Nafta,4,Manual,1.3,Sedán
38,Fiat,Cronos,2023,Nafta,4,Automática,1.3,Sedán
39,Fiat,Toro,2023,Diésel,4,Automática,2.0,Pick-Up
40,Fiat,Toro,2023,Diésel,4,Automática,2.0,Pick-Up
41,Renault,ALASKAN,2023,Diésel,4,Automática,2.3,Pick-Up
42,Renault,ALASKAN,2023,Diésel,4,Automática,2.3,Pick-Up
43,Fiat,Cronos,2023,Nafta,4,Manual,1.3,Sedán
44,Fiat,Cronos,2023,Nafta,4,Manual,1.3,Sedán
45,Fiat,Cronos,2023,Nafta,4,Manual,1.3,Sedán
46,Fiat,Cronos,2023,Nafta,4,Manual,1.3,Sedán
47,Volkswagen,Polo,2023,Nafta,5,Manual,1.6,Hatchback
48,Fiat,Cronos,2023,Nafta,4,Manual,1.3,Sedán
49,Fiat,Cronos,2023,Nafta,4,Manual,1.3,Sedán
50,Volkswagen,Amarok,2023,Diésel,4,Manual,2.0,Pick-Up
51,Fiat,Pulse,2023,Nafta,5,Automática,1.0,SUV
52,Nissan,Frontier,2023,Diésel,4,Automática,2.3,Pick-Up
53,Fiat,Pulse,2023,Nafta,5,Automática,1.0,SUV
54,Chevrolet,Onix plus,2023,Nafta,4,Manual,1.2,Sedán
55,Fiat,Toro,2023,Diésel,4,Automática,2.0,Pick-Up
56,Fiat,Toro,2023,Diésel,4,Automática,2.0,Pick-Up
57,Fiat,Toro,2023,Diésel,4,Automática,2.0,Pick-Up
58,Nissan,Frontier,2023,Diésel,4,Automática,2.3,Pick-Up
59,Fiat,Cronos,2023,Nafta,4,Manual,1.3,Sedán
60,Fiat,Toro,2023,Diésel,4,Automática,2.0,Pick-Up
61,Chevrolet,Cruze,2023,Nafta,4,Automática,1.4,Sedán
62,Chevrolet,Cruze 5,2023,Nafta,5,Automática,1.4,Hatchback
63,Fiat,Cronos,2023,Nafta,4,Manual,1.3,Sedán
64,Fiat,Cronos,2023,Nafta,4,Manual,1.3,Sedán
65,Fiat,Toro,2023,Diésel,4,Automática,2.0,Pick-Up
66,Fiat,Cronos,2023,Nafta,4,Manual,1.3,Sedán
67,Chevrolet,Onix,2023,Nafta,5,Manual,1.2,Hatchback
68,Fiat,Cronos,2023,Nafta,4,Manual,1.3,Sedán
69,Fiat,Toro,2023,Diésel,4,Automática,2.0,Pick-Up
70,Chevrolet,Tracker,2023,Nafta,5,Automática,1.2,SUV
71,Fiat,Pulse,2023,Nafta,5,Manual,1.3,SUV
72,Nissan,Frontier,2023,Diésel,4,Automática,2.3,Pick-Up
73,Chevrolet,Tracker,2023,Nafta,5,Automática,1.2,SUV
74,Nissan,Frontier,2023,Diésel,4,Automática,2.3,Pick-Up
75,Fiat,Cronos,2023,Nafta,4,Manual,1.3,Sedán
76,Fiat,Cronos,2023,Nafta,4,Manual,1.3,Sedán
77,Fiat,Cronos,2023,Nafta,4,Manual,1.3,Sedán
78,Chevrolet,Tracker,2023,Nafta,5,Automática,1.2,SUV
79,Fiat,Pulse,2023,Nafta,5,Automática,1.3,SUV
80,Chevrolet,Tracker,2023,Nafta,5,Automática,1.2,SUV
81,Nissan,Frontier,2023,Diésel,4,Automática,2.3,Pick-Up
82,Fiat,Cronos,2023,Nafta,4,Manual,1.3,Sedán
83,Chevrolet,Tracker,2023,Nafta,5,Automática,1.2,SUV
84,Volkswagen,Amarok,2022,Diésel,4,Automática,3.0,Pick-Up
85,Fiat,Cronos,2023,Nafta,4,Manual,1.3,Sedán
86,Fiat,Cronos,2023,Nafta,4,Automática,1.3,Sedán
87,Fiat,Cronos,2023,Nafta,4,Manual,1.3,Sedán
88,Fiat,Pulse,2023,Nafta,5,Automática,1.0,SUV
89,Fiat,Cronos,2023,Nafta,4,Manual,1.3,Sedán
90,Fiat,Pulse,2023,Nafta,5,Automática,1.3,SUV
91,Fiat,Cronos,2023,Nafta,4,Manual,1.3,Sedán
92,Kia,Rio,2023,Nafta,5,Automática,1.6,Hatchback
93,Fiat,Cronos,2023,Nafta,4,Manual,1.3,Sedán
94,Chevrolet,Tracker,2023,Nafta,5,Automática,1.2,SUV
95,Fiat,Cronos,2023,Nafta,4,Automática,1.3,Sedán
96,Fiat,Cronos,2023,Nafta,4,Manual,1.3,Sedán
97,Fiat,Cronos,2023,Nafta,4,Manual,1.3,Sedán
98,Fiat,Cronos,2023,Nafta,4,Automática,1.3,Sedán
99,Fiat,Cronos,2023,Nafta,4,Manual,1.3,Sedán
100,Chevrolet,Onix,2023,Nafta,5,Manual,1.4,Hatchback
101,Chevrolet,Onix,2023,Nafta,5,Manual,1.0,Hatchback
102,Chevrolet,Onix,2023,Nafta,5,Automática,1.0,Hatchback
103,Chevrolet,Onix,2023,Nafta,5,Manual,1.2,Hatchback
104,Chevrolet,Onix plus,2023,Nafta,4,Manual,1.0,Sedán
105,Chevrolet,Onix plus,2023,Nafta,4,Manual,1.2,Sedán
106,Fiat,Cronos,2023,Nafta,4,Manual,1.3,Sedán
107,Chevrolet,Trailblazer,2023,Diésel,5,Automática,2.8,SUV
108,Chevrolet,Equinox,2023,Nafta,5,Automática,1.5,SUV
109,Chevrolet,Equinox,2023,Nafta,5,Automática,1.5,SUV
110,Fiat,Cronos,2023,Nafta,4,Manual,1.3,Sedán
111,Fiat,Cronos,2023,Nafta,4,Manual,1.3,Sedán
112,Chevrolet,S10,2023,Diésel,4,Manual,2.8,Pick-Up
113,Chevrolet,S10,2023,Diésel,4,Automática,2.8,Pick-Up
114,Chevrolet,S10,2023,Diésel,4,Automática,2.8,Pick-Up
115,Volkswagen,Amarok,2023,Diésel,4,Automática,3.0,Pick-Up
116,Fiat,Cronos,2023,Nafta,4,Manual,1.3,Sedán
117,Fiat,Cronos,2023,Nafta,4,Manual,1.3,Sedán
118,Nissan,Frontier,2023,Diésel,4,Automática,2.3,Pick-Up
119,Fiat,Cronos,2023,Nafta,4,Manual,1.3,Sedán
120,Fiat,Toro,2023,Diésel,4,Automática,2.0,Pick-Up
121,Chevrolet,Onix,2023,Nafta,5,Manual,1.4,Hatchback
122,Volkswagen,Taos,2023,Nafta,5,Automática,1.4,SUV
123,Volkswagen,Taos,2023,Nafta,5,Automática,1.4,SUV
124,Chevrolet,Tracker,2023,Nafta,5,Automática,1.2,SUV
125,Chevrolet,Equinox,2023,Nafta,5,Automática,1.5,SUV
126,Chevrolet,Onix,2023,Nafta,5,Manual,1.0,Hatchback
127,Chevrolet,S10,2022,Diésel,4,Manual,2.8,Pick-Up
128,Fiat,Cronos,2023,Nafta,4,Manual,1.3,Sedán
129,Fiat,Cronos,2023,Nafta,4,Manual,1.3,Sedán
130,Chevrolet,Cruze,2023,Nafta,4,Automática,1.4,Sedán
131,Fiat,Cronos,2023,Nafta,4,Automática,1.3,Sedán
132,Chevrolet,Tracker,2023,Nafta,5,Automática,1.2,SUV
133,Chevrolet,Tracker,2023,Nafta,5,Automática,1.2,SUV
134,Peugeot,208,2023,Nafta,5,Automática,1.6,Hatchback
135,Peugeot,208,2023,Nafta,5,Manual,1.6,Hatchback
136,Fiat,Cronos,2023,Nafta,4,Manual,1.3,Sedán
137,Volkswagen,T-Cross,2023,Nafta,5,Manual,1.0,SUV
138,Nissan,Sentra,2022,Nafta,4,Manual,2.0,Sedán
139,Renault,Duster Oroch,2022,Nafta,5,Manual,1.3,Pick-Up
140,Ford,Territory,2022,Nafta,5,Automática,1.5,SUV
141,Nissan,Kicks,2022,Nafta,5,Automática,1.6,SUV
142,Ford,Territory,2022,Nafta,5,Automática,1.5,SUV
143,Citroën,C3,2023,Nafta,5,Manual,1.2,Hatchback
144,Jeep,Renegade,2022,Diésel,5,Automática,2.4,SUV
145,Chevrolet,Onix,2022,Nafta,5,Automática,1.0,Hatchback
146,Volkswagen,Taos,2022,Nafta,5,Automática,1.4,SUV
147,Jeep,Compass,2022,Nafta,5,Automática,1.3,SUV
148,Citroën,C3,2023,Nafta,5,Manual,1.2,Hatchback
149,Citroën,C3,2023,Nafta,5,Manual,1.2,Hatchback
151,Chevrolet,S10,2022,Diésel,4,Automática,2.8,Pick-Up
154,Citroën,C3,2022,Nafta,5,Automática,1.6,Hatchback
155,Volkswagen,Nivus,2022,Nafta,5,Automática,1.0,SUV
156,Volkswagen,Taos,2022,Nafta,5,Automática,1.4,SUV
157,Nissan,Sentra,2022,Nafta,4,Automática,2.0,Sedán
158,Ford,Ranger,2022,Diésel,4,Automática,3.2,Pick-Up
159,Citroën,C4 Cactus,2023,Nafta,5,Manual,1.6,SUV
160,Nissan,Versa,2022,Nafta,4,Manual,1.6,Sedán
161,Nissan,Versa,2022,Nafta,4,Automática,1.6,Sedán
162,Renault,Kangoo,2022,Nafta,3,Manual,1.6,Furgón
163,Chevrolet,Tracker,2022,Nafta,5,Automática,1.2,SUV
164,Toyota,Hilux,2022,Diésel,4,Manual,2.4,Pick-Up
165,Renault,Sandero Stepway,2022,Nafta,5,Manual,1.6,Hatchback
166,Ford,Territory,2022,Nafta,5,Automática,1.5,SUV
167,Citroën,C4 Cactus,2023,Nafta,5,Manual,1.6,SUV
168,Ford,Bronco,2022,Nafta,5,Automática,1.5,SUV
169,Jeep,Commander,2022,Diésel,5,Automática,2.0,SUV
170,Citroën,C4 Cactus,2023,Nafta,5,Manual,1.6,SUV
171,Volkswagen,Amarok,2022,Diésel,4,Automática,3.0,Pick-Up
173,Renault,Sandero Stepway,2022,Nafta,5,Manual,1.6,Hatchback
174,Toyota,Corolla,2022,Nafta,4,Automática,1.8,Sedán
175,Citroën,C3,2022,Nafta,5,Automática,1.6,Hatchback
178,Renault,Kangoo,2022,Nafta,3,Manual,1.6,Furgón
179,Citroën,C4 Cactus,2023,Nafta,5,Manual,1.6,SUV
180,Nissan,Frontier,2023,Diésel,4,Automática,2.3,Pick-Up
181,Fiat,Cronos,2023,Nafta,4,Manual,1.3,Sedán
182,Peugeot,208,2023,Nafta,5,Manual,1.6,Hatchback
183,Peugeot,208,2023,Nafta,5,Automática,1.6,Hatchback
184,Peugeot,208,2023,Nafta,5,Manual,1.6,Hatchback
185,Nissan,Frontier,2023,Diésel,4,Automática,2.3,Pick-Up
186,Peugeot,208,2023,Nafta,5,Automática,1.6,Hatchback
187,Peugeot,208,2023,Nafta,5,Manual,1.6,Hatchback
188,Nissan,Frontier,2023,Diésel,4,Manual,2.3,Pick-Up
189,Peugeot,208,2023,Nafta,5,Automática,1.6,Hatchback
190,Nissan,Frontier,2023,Diésel,4,Manual,2.3,Pick-Up
191,Nissan,Frontier,2023,Diésel,4,Automática,2.3,Pick-Up
192,Nissan,Frontier,2023,Diésel,4,Automática,2.3,Pick-Up
193,Volkswagen,Amarok,2023,Diésel,4,Automática,3.0,Pick-Up
194,Volkswagen,Amarok,2023,Diésel,4,Automática,3.0,Pick-Up
195,Volkswagen,Amarok,2023,Diésel,4,Manual,2.0,Pick-Up
196,Nissan,Frontier,2023,Diésel,4,Manual,2.3,Pick-Up
197,Volkswagen,T-Cross,2023,Nafta,5,Manual,1.6,SUV
198,Volkswagen,Taos,2023,Nafta,5,Automática,1.4,SUV
199,Nissan,Frontier,2023,Diésel,4,Manual,2.3,Pick-Up
200,Volkswagen,Amarok,2023,Diésel,4,Automática,2.0,Pick-Up
201,Volkswagen,Amarok,2023,Diésel,4,Manual,2.0,Pick-Up
202,Nissan,Frontier,2023,Diésel,4,Automática,2.3,Pick-Up
203,Nissan,Frontier,2023,Diésel,4,Automática,2.3,Pick-Up
204,Volkswagen,Amarok,2023,Diésel,4,Automática,3.0,Pick-Up
205,Nissan,Frontier,2023,Diésel,4,Automática,2.3,Pick-Up
206,Volkswagen,Amarok,2023,Diésel,4,Automática,3.0,Pick-Up
207,Volkswagen,Taos,2023,Nafta,5,Automática,1.4,SUV
208,Volkswagen,Amarok,2023,Diésel,4,Automática,3.0,Pick-Up
209,Volkswagen,Amarok,2023,Diésel,4,Manual,2.0,Pick-Up
210,Peugeot,Partner,2023,Diésel,3,Manual,1.6,Hatchback
211,Nissan,Frontier,2023,Diésel,4,Automática,2.3,Pick-Up
212,Chevrolet,Onix,2023,Nafta,5,Automática,1.0,Hatchback
213,Peugeot,208,2023,Nafta,5,Automática,1.6,Hatchback
214,Peugeot,208,2023,Nafta,5,Automática,1.6,Hatchback
215,Peugeot,208,2023,Nafta,5,Manual,1.6,Hatchback
216,Peugeot,208,2023,Nafta,5,Manual,1.6,Hatchback
217,Peugeot,208,2023,Nafta,5,Manual,1.6,Hatchback
218,Peugeot,208,2023,Nafta,5,Manual,1.6,Hatchback
219,Chevrolet,S10,2023,Diésel,4,Automática,2.8,Pick-Up
220,Chevrolet,S10,2022,Diésel,4,Automática,2.8,Pick-Up
221,Chevrolet,Onix,2023,Nafta,5,Manual,1.2,Hatchback
222,Chevrolet,Onix,2023,Nafta,5,Manual,1.2,Hatchback
223,Chevrolet,Tracker,2023,Nafta,5,Automática,1.2,SUV
224,Chevrolet,Tracker,2023,Nafta,5,Automática,1.2,SUV
225,Chevrolet,Tracker,2023,Nafta,5,Automática,1.2,SUV
226,Volkswagen,Amarok,2023,Diésel,4,Manual,2.0,Pick-Up
227,Fiat,Pulse,2023,Nafta,5,Manual,1.3,SUV
229,Volkswagen,Taos,2023,Nafta,5,Automática,1.4,SUV
230,Fiat,Cronos,2023,Nafta,4,Manual,1.3,Sedán
231,Fiat,Cronos,2022,Nafta,4,Manual,1.3,Sedán
232,Fiat,Cronos,2023,Nafta,4,Manual,1.3,Sedán
233,Fiat,Cronos,2023,Nafta,4,Manual,1.3,Sedán
234,Fiat,Pulse,2023,Nafta,5,Automática,1.0,SUV
235,Fiat,Toro,2023,Diésel,4,Automática,2.0,Pick-Up
236,Nissan,Frontier,2023,Diésel,4,Manual,2.3,Pick-Up
237,Nissan,Frontier,2023,Diésel,4,Manual,2.3,Pick-Up
238,Toyota,Yaris,2023,Nafta,5,Manual,1.5,Hatchback
239,Toyota,Yaris,2023,Nafta,4,Automática,1.5,Sedán
240,Toyota,Yaris,2023,Nafta,4,Automática,1.5,Sedán
241,Toyota,Yaris,2023,Nafta,4,Manual,1.5,Sedán
242,Nissan,Sentra,2023,Nafta,4,Automática,2.0,Sedán
243,Nissan,Sentra,2023,Nafta,4,Automática,2.0,Sedán
244,Nissan,Sentra,2023,Nafta,4,Automática,2.0,Sedán
245,Fiat,Toro,2023,Diésel,4,Automática,2.0,Pick-Up
246,Fiat,Toro,2023,Diésel,4,Automática,2.0,Pick-Up
247,Nissan,Sentra,2023,Nafta,4,Automática,2.0,Sedán
248,Nissan,Sentra,2023,Nafta,4,Automática,2.0,Sedán
249,Fiat,Toro,2023,Diésel,4,Automática,2.0,Pick-Up
250,Nissan,Sentra,2023,Nafta,4,Automática,2.0,Sedán
251,Nissan,Sentra,2023,Nafta,4,Automática,2.0,Sedán
252,Fiat,Cronos,2023,Nafta,4,Manual,1.3,Sedán
253,Nissan,Sentra,2023,Nafta,4,Automática,2.0,Sedán
254,Nissan,Sentra,2023,Nafta,4,Automática,2.0,Sedán
255,Nissan,Kicks,2023,Nafta,5,Manual,1.6,Hatchback
256,Nissan,Kicks,2023,Nafta,5,Automática,1.6,Hatchback
257,Nissan,Frontier,2023,Diésel,4,Automática,2.3,Pick-Up
258,Ford,Ecosport,2023,Nafta,5,Automática,1.5,SUV
259,Renault,Kangoo,2023,Nafta,3,Manual,1.6,Furgón
260,Nissan,Frontier,2023,Diésel,4,Automática,2.3,Pick-Up
262,RAM,1500,2023,Nafta,4,Automática,5.7,Pick-Up
263,Nissan,Frontier,2023,Diésel,4,Manual,2.3,Pick-Up
264,Nissan,Kicks,2023,Nafta,5,Manual,1.6,Hatchback
265,Nissan,Kicks,2023,Nafta,5,Automática,1.6,Hatchback
266,Nissan,Kicks,2023,Nafta,5,Manual,1.6,Hatchback
267,Nissan,Kicks,2023,Nafta,5,Manual,1.6,Hatchback
268,Volkswagen,Amarok,2023,Diésel,4,Automática,3.0,Pick-Up
269,Nissan,Kicks,2023,Nafta,5,Manual,1.6,Hatchback
270,Volkswagen,Amarok,2023,Diésel,4,Manual,2.0,Pick-Up
271,Volkswagen,Amarok,2023,Diésel,4,Automática,2.0,Pick-Up
272,Toyota,SW4,2023,Diésel,5,Automática,2.8,SUV
273,Nissan,Kicks,2023,Nafta,5,Automática,1.6,Hatchback
274,Fiat,Toro,2023,Diésel,4,Automática,2.0,Pick-Up
275,Nissan,Kicks,2023,Nafta,5,Automática,1.6,Hatchback
276,Fiat,Cronos,2023,Nafta,4,Automática,1.3,Sedán
277,Nissan,Frontier,2023,Diésel,4,Automática,2.3,Pick-Up
278,Nissan,Kicks,2023,Nafta,5,Automática,1.6,Hatchback
279,Jeep,Renegade,2023,Nafta,5,Automática,1.8,SUV
280,Chevrolet,Onix plus,2023,Nafta,4,Manual,1.2,Sedán
281,Volkswagen,T-Cross,2023,Nafta,5,Automática,1.0,SUV
282,Nissan,Frontier,2023,Diésel,4,Automática,2.3,Pick-Up
283,Nissan,Kicks,2023,Nafta,5,Automática,1.6,Hatchback
284,Nissan,Frontier,2023,Diésel,4,Automática,2.3,Pick-Up
285,Nissan,Kicks,2023,Nafta,5,Manual,1.6,Hatchback
286,Nissan,Frontier,2023,Diésel,4,Automática,2.3,Pick-Up
287,Chevrolet,Onix,2023,Nafta,5,Manual,1.2,Hatchback
288,Fiat,Cronos,2023,Nafta,4,Manual,1.3,Sedán
289,Fiat,Pulse,2023,Nafta,5,Automática,1.0,SUV
290,Nissan,Frontier,2023,Diésel,4,Automática,2.3,Pick-Up
291,Nissan,Frontier,2023,Diésel,4,Automática,2.3,Pick-Up
292,Nissan,Frontier,2023,Diésel,4,Automática,2.3,Pick-Up
293,Nissan,Kicks,2023,Nafta,5,Automática,1.6,Hatchback
294,Nissan,Frontier,2023,Diésel,4,Automática,2.3,Pick-Up
295,Nissan,Kicks,2023,Nafta,5,Manual,1.6,Hatchback
296,Volkswagen,Amarok,2022,Diésel,4,Manual,2.0,Pick-Up
297,Volkswagen,Polo,2022,Nafta,5,Manual,1.6,Hatchback
298,Volkswagen,Vento,2021,Nafta,4,Automática,1.4,Sedán
299,Nissan,Kicks,2023,Nafta,5,Manual,1.6,Hatchback
300,Fiat,Cronos,2023,Nafta,4,Manual,1.3,Sedán
301,Nissan,Kicks,2023,Nafta,5,Manual,1.6,Hatchback
302,Volkswagen,Amarok,2023,Diésel,4,Manual,2.0,Pick-Up
303,Nissan,Kicks,2023,Nafta,5,Manual,1.6,Hatchback
304,Fiat,Toro,2023,Nafta,4,Automática,1.8,Pick-Up
305,Fiat,Cronos,2023,Nafta,4,Manual,1.3,Sedán
307,Fiat,Cronos,2023,Nafta,4,Manual,1.3,Sedán
308,Jeep,Compass,2023,Nafta,5,Automática,1.3,SUV
309,Peugeot,Boxer,2023,Diésel,3,Manual,2.2,Furgón
310,Peugeot,Boxer,2023,Diésel,3,Manual,2.2,Furgón
311,Peugeot,208,2023,Nafta,5,Automática,1.6,Hatchback
313,Volkswagen,Taos,2023,Nafta,5,Automática,1.4,SUV
314,Volkswagen,Taos,2023,Nafta,5,Automática,1.4,SUV
315,Toyota,Hilux,2023,Diésel,4,Automática,2.8,Pick-Up
316,Toyota,Hilux,2023,Diésel,4,Automática,2.8,Pick-Up
317,Toyota,Hilux,2023,Diésel,4,Manual,2.8,Pick-Up
318,Nissan,Kicks,2023,Nafta,5,Manual,1.6,Hatchback
319,Fiat,Pulse,2023,Nafta,5,Automática,1.0,SUV
320,Toyota,Hilux,2023,Diésel,4,Manual,2.8,Pick-Up
321,Toyota,Hilux,2023,Diésel,4,Manual,2.8,Pick-Up
322,Toyota,Hilux,2023,Diésel,4,Manual,2.4,Pick-Up
323,Nissan,Versa,2023,Nafta,4,Automática,1.6,Sedán
324,Nissan,Versa,2023,Nafta,4,Automática,1.6,Sedán
325,Volkswagen,Amarok,2023,Diésel,4,Automática,3.0,Pick-Up
326,Nissan,Versa,2023,Nafta,4,Automática,1.6,Sedán
327,Nissan,Versa,2023,Nafta,4,Manual,1.6,Sedán
328,Nissan,Versa,2023,Nafta,4,Manual,1.6,Sedán
329,Nissan,Versa,2023,Nafta,4,Automática,1.6,Sedán
330,Fiat,Cronos,2023,Nafta,4,Manual,1.3,Sedán
331,Fiat,Cronos,2023,Nafta,4,Manual,1.3,Sedán
332,Fiat,Cronos,2023,Nafta,4,Manual,1.3,Sedán
333,Fiat,Cronos,2023,Nafta,4,Manual,1.3,Sedán
334,Fiat,Cronos,2023,Nafta,4,Manual,1.3,Sedán
335,Fiat,Cronos,2023,Nafta,4,Manual,1.3,Sedán
336,RAM,1500,2023,Nafta,4,Automática,5.7,Pick-Up
337,RAM,1500,2023,Nafta,4,Automática,5.7,Pick-Up
338,Fiat,Pulse,2023,Nafta,5,Automática,1.0,SUV
339,Citroën,C3,2023,Nafta,5,Manual,1.6,Hatchback
340,Fiat,Toro,2023,Diésel,4,Automática,2.0,Pick-Up
341,Jeep,Compass,2023,Nafta,5,Automática,1.3,SUV
342,Fiat,Pulse,2023,Nafta,5,Automática,1.0,SUV
343,Fiat,Cronos,2023,Nafta,4,Manual,1.3,Sedán
344,Fiat,Cronos,2023,Nafta,4,Manual,1.3,Sedán
345,Volkswagen,Amarok,2022,Diésel,4,Automática,3.0,Pick-Up
346,Volkswagen,Amarok,2022,Diésel,4,Automática,3.0,Pick-Up
347,Volkswagen,Amarok,2022,Diésel,4,Automática,3.0,Pick-Up
348,Volkswagen,Amarok,2022,Diésel,4,Manual,2.0,Pick-Up
349,Volkswagen,Amarok,2022,Diésel,4,Automática,2.0,Pick-Up
350,Fiat,Cronos,2023,Nafta,4,Manual,1.3,Sedán
351,Fiat,Pulse,2023,Nafta,5,Automática,1.3,SUV
352,Fiat,Cronos,2023,Nafta,4,Automática,1.3,Sedán
353,Fiat,Cronos,2023,Nafta,4,Automática,1.3,Sedán
354,Citroën,Jumpy,2023,Diésel,3,Manual,1.6,Furgón
355,Fiat,Cronos,2023,Nafta,4,Manual,1.3,Sedán
356,Citroën,Jumpy,2023,Diésel,3,Manual,1.6,Furgón
357,Citroën,C4 Cactus,2023,Nafta,5,Manual,1.6,SUV
358,Toyota,Etios,2023,Nafta,4,Manual,1.5,Sedán
359,Citroën,C4 Cactus,2023,Nafta,5,Manual,1.6,SUV
360,Toyota,Etios,2023,Nafta,4,Manual,1.5,Sedán
361,Citroën,C4 Cactus,2023,Nafta,5,Manual,1.6,SUV
362,Citroën,C3,2023,Nafta,5,Automática,1.6,Hatchback
363,Citroën,C3,2023,Nafta,5,Automática,1.6,Hatchback
364,Citroën,Berlingo,2023,Diésel,3,Manual,1.6,Furgón
365,Citroën,Berlingo,2023,Diésel,3,Manual,1.6,Furgón
366,Peugeot,208,2023,Nafta,5,Automática,1.6,Hatchback
367,Nissan,Sentra,2022,Nafta,4,Automática,2.0,Sedán
368,Volkswagen,T-Cross,2023,Nafta,5,Automática,1.0,SUV
369,Peugeot,Partner Patagónica,2022,Diésel,4,Manual,1.6,Monovolumen
370,Peugeot,208,2023,Nafta,5,Manual,1.2,Hatchback
372,Renault,Logan,2022,Nafta,4,Manual,1.6,Sedán
373,Volkswagen,Vento,2022,Nafta,4,Automática,1.4,Sedán
374,Volkswagen,Amarok,2022,Diésel,4,Automática,2.0,Pick-Up
375,Volkswagen,Amarok,2022,Diésel,4,Automática,3.0,Pick-Up
376,Nissan,Frontier,2023,Diésel,4,Automática,2.3,Pick-Up
377,Renault,Kangoo,2022,Nafta,3,Manual,1.6,Furgón
378,Fiat,Pulse,2022,Nafta,5,Automática,1.3,SUV
379,Citroën,C4 Cactus,2023,Nafta,5,Manual,1.6,SUV
381,Renault,Logan,2022,Nafta,4,Manual,1.6,Sedán
382,Chevrolet,Cruze 5,2022,Nafta,5,Automática,1.4,Hatchback
383,Renault,Duster Oroch,2022,Nafta,4,Manual,2.0,SUV
385,Citroën,C3,2023,Nafta,5,Manual,1.2,Hatchback
386,Ford,Ranger,2022,Diésel,4,Automática,3.2,Pick-Up
387,Baic,X35,2022,Nafta,5,Automática,1.5,SUV
388,Nissan,Versa,2022,Nafta,4,Manual,1.6,Sedán
389,Volkswagen,Taos,2022,Nafta,5,Automática,1.4,SUV
390,Peugeot,3008,2022,Nafta,5,Automática,1.6,SUV
391,Citroën,Jumper,2023,Diésel,3,Manual,2.2,Furgón
392,Toyota,Yaris,2022,Nafta,5,Manual,1.5,Hatchback
393,Citroën,Berlingo,2023,Diésel,3,Manual,1.6,Furgón
394,Chevrolet,S10,2022,Diésel,4,Automática,2.8,Pick-Up
395,Citroën,C3,2022,Nafta,5,Manual,1.2,Hatchback
396,Volkswagen,Taos,2022,Nafta,5,Automática,1.4,SUV
398,Peugeot,208,2022,Nafta,5,Manual,1.6,Hatchback
399,Nissan,Kicks,2022,Nafta,5,Automática,1.6,Hatchback
400,Citroën,C3,2022,Nafta,5,Manual,1.2,Hatchback
401,Peugeot,3008,2022,Diésel,5,Automática,2.0,SUV
402,Chevrolet,Cruze 5,2022,Nafta,5,Automática,1.4,Hatchback
403,Jeep,Renegade,2022,Nafta,5,Manual,1.8,SUV
405,Volkswagen,Amarok,2022,Diésel,4,Manual,2.0,Pick-Up
406,Volkswagen,Vento,2022,Nafta,4,Automática,1.4,Sedán
407,Fiat,Argo,2022,Nafta,5,Automática,1.3,Hatchback
408,Nissan,Frontier,2022,Diésel,4,Manual,2.3,Pick-Up
409,Volkswagen,Amarok,2023,Diésel,4,Automática,3.0,Pick-Up
410,Volkswagen,Amarok,2023,Diésel,4,Automática,3.0,Pick-Up
414,Chevrolet,Onix,2023,Nafta,5,Automática,1.0,Hatchback
415,Chevrolet,Onix,2023,Nafta,5,Manual,1.2,Hatchback
416,Volkswagen,Amarok,2023,Diésel,4,Manual,2.0,Pick-Up
417,Volkswagen,Amarok,2023,Diésel,4,Automática,3.0,Pick-Up
418,Chevrolet,Onix,2023,Nafta,5,Automática,1.0,Hatchback
419,Chevrolet,Equinox,2023,Nafta,5,Automática,1.5,SUV
420,Chevrolet,Tracker,2023,Nafta,5,Automática,1.2,SUV
421,Chevrolet,Tracker,2023,Nafta,5,Automática,1.2,SUV
422,Jeep,Compass,2023,Nafta,5,Automática,1.3,SUV
423,Chevrolet,Cruze,2023,Nafta,4,Manual,1.4,Sedán
424,Chevrolet,Cruze,2023,Nafta,4,Automática,1.4,Sedán
425,Fiat,Pulse,2023,Nafta,5,Automática,1.3,SUV
426,Peugeot,208,2023,Nafta,5,Manual,1.6,Hatchback
427,Fiat,Toro,2023,Diésel,4,Automática,2.0,Pick-Up
428,Fiat,Cronos,2023,Nafta,4,Manual,1.3,Sedán
430,Peugeot,208,2023,Nafta,5,Manual,1.6,Hatchback
431,Fiat,Cronos,2023,Nafta,4,Automática,1.3,Sedán
432,Volkswagen,Taos,2023,Nafta,5,Automática,1.4,SUV
433,Nissan,Kicks,2023,Nafta,5,Automática,1.6,Hatchback
434,Fiat,Pulse,2022,Nafta,5,Automática,1.0,SUV
435,Renault,Kangoo,2022,Nafta,4,Manual,1.6,Monovolumen
436,Renault,Sandero,2022,Nafta,5,Manual,1.6,Hatchback
437,Volkswagen,Amarok,2022,Diésel,4,Automática,2.0,Pick-Up
438,Chevrolet,Onix,2022,Nafta,5,Automática,1.0,Hatchback
439,Chevrolet,Tracker,2022,Nafta,5,Automática,1.2,SUV
440,Fiat,Cronos,2022,Nafta,4,Manual,1.3,Sedán
441,Renault,Oroch,2022,Nafta,4,Manual,1.3,SUV
442,Jeep,Compass,2022,Nafta,5,Automática,1.3,SUV
443,Nissan,Frontier,2022,Diésel,4,Manual,2.3,Pick-Up
444,Nissan,Frontier,2022,Diésel,4,Manual,2.3,Pick-Up
445,Nissan,Frontier,2022,Diésel,4,Automática,2.3,Pick-Up
446,Nissan,Frontier,2022,Diésel,4,Automática,2.3,Pick-Up
447,Nissan,Frontier,2022,Diésel,4,Automática,2.3,Pick-Up
448,Chevrolet,Tracker,2022,Nafta,5,Automática,1.2,SUV
449,Nissan,Frontier,2022,Diésel,4,Automática,2.3,Pick-Up
450,Nissan,Kicks,2022,Nafta,5,Manual,1.6,Hatchback
451,Nissan,Versa,2022,Nafta,4,Manual,1.6,Sedán
452,Nissan,Frontier,2022,Diésel,4,Manual,2.3,Pick-Up
453,Volkswagen,Amarok,2022,Diésel,4,Automática,2.0,Pick-Up
454,Chevrolet,Equinox,2022,Nafta,5,Automática,1.5,SUV
455,Volkswagen,Amarok,2022,Diésel,4,Automática,3.0,Pick-Up
456,Peugeot,Partner,2022,Nafta,3,Manual,1.6,Furgón
458,Peugeot,208,2022,Nafta,5,Manual,1.6,Hatchback
459,Volkswagen,Taos,2023,Nafta,5,Automática,1.4,SUV
460,Peugeot,208,2022,Nafta,5,Manual,1.2,Hatchback
461,RAM,1500,2022,Nafta,4,Automática,5.7,Pick-Up
462,Volkswagen,Amarok,2022,Diésel,4,Automática,3.0,Pick-Up
465,Citroën,Berlingo,2022,Diésel,3,Manual,1.6,Furgón
466,Fiat,Cronos,2022,Nafta,4,Manual,1.3,Sedán
467,Citroën,C3,2022,Nafta,5,Automática,1.6,Hatchback
468,Citroën,C3,2022,Nafta,5,Manual,1.2,Hatchback
469,Fiat,Cronos,2022,Nafta,4,Manual,1.3,Sedán
470,Fiat,Cronos,2022,Nafta,4,Manual,1.3,Sedán
471,Fiat,Pulse,2022,Nafta,5,Automática,1.0,SUV
472,Peugeot,Partner,2022,Diésel,3,Manual,1.6,Hatchback
473,Fiat,Pulse,2022,Nafta,5,Automática,1.0,SUV
474,Peugeot,208,2022,Nafta,5,Automática,1.6,Hatchback
475,Peugeot,208,2022,Nafta,5,Manual,1.6,Hatchback
476,Volkswagen,Amarok,2022,Diésel,4,Automática,3.0,Pick-Up
477,Fiat,Cronos,2022,Nafta,4,Manual,1.3,Sedán
478,Fiat,Cronos,2022,Nafta,4,Manual,1.3,Sedán
479,Fiat,Cronos,2022,Nafta,4,Manual,1.3,Sedán
480,Peugeot,208,2023,Nafta,5,Manual,1.6,Hatchback
481,Peugeot,208,2023,Nafta,5,Manual,1.6,Hatchback
484,Fiat,Cronos,2022,Nafta,4,Manual,1.3,Sedán
485,Fiat,Cronos,2022,Nafta,4,Manual,1.3,Sedán
487,Renault,Kangoo,2022,Nafta,3,Manual,1.6,Furgón
488,Renault,Kangoo,2022,Nafta,3,Manual,1.6,Furgón
489,Chevrolet,Tracker,2022,Nafta,5,Automática,1.2,SUV
490,Fiat,Cronos,2022,Nafta,4,Manual,1.3,Sedán
491,Chevrolet,Tracker,2022,Nafta,5,Automática,1.2,SUV
492,Renault,Kangoo,2022,Nafta,3,Manual,1.6,Furgón
493,Renault,Sandero,2022,Nafta,5,Manual,1.6,Hatchback
494,Renault,Sandero Stepway,2022,Nafta,5,Manual,1.6,Hatchback
495,Jeep,Commander,2022,Diésel,5,Automática,2.0,SUV
496,Jeep,Commander,2022,Diésel,5,Automática,2.0,SUV
497,RAM,1500,2022,Nafta,4,Automática,5.7,Pick-Up
498,Jeep,Compass,2022,Nafta,5,Automática,1.3,SUV
499,Peugeot,208,2022,Nafta,5,Manual,1.6,Hatchback
502,Volkswagen,Amarok,2022,Diésel,4,Manual,2.0,Pick-Up
503,Peugeot,Boxer,2022,Diésel,3,Manual,2.2,Furgón
504,Peugeot,Partner,2022,Diésel,3,Manual,1.6,Furgón
505,Peugeot,Partner,2022,Nafta,3,Manual,1.6,Furgón
506,Peugeot,Expert,2022,Diésel,3,Manual,1.6,Furgón
507,Fiat,Cronos,2022,Nafta,4,Manual,1.3,Sedán
508,Peugeot,5008,2022,Diésel,5,Automática,2.0,Monovolumen
509,Peugeot,3008,2022,Diésel,5,Automática,2.0,SUV
510,Renault,Kangoo,2022,Nafta,3,Manual,1.6,Furgón
511,Peugeot,208,2022,Nafta,5,Automática,1.6,Hatchback
512,Peugeot,208,2022,Nafta,5,Manual,1.6,Hatchback
513,Fiat,Toro,2022,Nafta,4,Automática,1.8,Pick-Up
514,Peugeot,Boxer,2023,Diésel,3,Manual,2.2,Furgón
515,Chevrolet,Cruze,2022,Nafta,4,Automática,1.4,Sedán
517,Peugeot,208,2022,Nafta,5,Manual,1.6,Hatchback
518,Peugeot,208,2022,Nafta,5,Automática,1.6,Hatchback
519,Peugeot,208,2022,Nafta,5,Manual,1.2,Hatchback
520,Citroën,C4 Cactus,2022,Nafta,5,Automática,1.6,SUV
522,Citroën,C4 Cactus,2022,Nafta,5,Manual,1.6,SUV
523,Citroën,C4 Cactus,2022,Nafta,5,Manual,1.6,SUV
524,Citroën,Berlingo,2022,Diésel,3,Manual,1.6,Furgón
525,Citroën,C3,2022,Nafta,5,Automática,1.6,Hatchback
527,Volkswagen,Amarok,2022,Diésel,4,Automática,3.0,Pick-Up
528,Volkswagen,Amarok,2022,Diésel,4,Automática,3.0,Pick-Up
529,Fiat,Cronos,2022,Nafta,4,Automática,1.3,Sedán
530,Citroën,C3,2022,Nafta,5,Manual,1.2,Hatchback
531,Chevrolet,Onix,2022,Nafta,5,Manual,1.2,Hatchback
532,Fiat,Toro,2022,Diésel,4,Automática,2.0,Pick-Up
534,Fiat,Cronos,2022,Nafta,4,Manual,1.3,Sedán
535,Fiat,Cronos,2022,Nafta,4,Manual,1.3,Sedán
536,Renault,Kangoo,2022,Nafta,3,Manual,1.6,Furgón
537,Renault,Oroch,2022,Nafta,4,Manual,1.6,SUV
538,Volkswagen,Amarok,2022,Diésel,4,Automática,2.0,Pick-Up
540,Fiat,Pulse,2022,Nafta,5,Automática,1.3,SUV
541,Fiat,Toro,2022,Nafta,4,Automática,1.8,Pick-Up
542,Fiat,Cronos,2022,Nafta,4,Manual,1.3,Sedán
543,Renault,Kangoo,2022,Nafta,3,Manual,1.6,Furgón
544,Fiat,Pulse,2022,Nafta,5,Automática,1.3,SUV
547,Peugeot,208,2022,Nafta,5,Manual,1.6,Hatchback
548,Renault,Kangoo,2022,Nafta,3,Manual,1.6,Furgón
549,Jeep,Compass,2022,Nafta,5,Automática,1.3,SUV
550,Jeep,Renegade,2022,Diésel,5,Automática,2.4,SUV
551,Jeep,Compass,2022,Nafta,5,Automática,1.3,SUV
552,Jeep,Renegade,2022,Nafta,5,Automática,1.8,SUV
553,RAM,1500,2022,Nafta,4,Automática,5.7,Pick-Up
554,RAM,1500,2022,Nafta,4,Automática,5.7,Pick-Up
555,Citroën,C3,2023,Nafta,5,Automática,1.6,Hatchback
556,Citroën,C3,2023,Nafta,5,Manual,1.2,Hatchback
557,Renault,Kangoo,2022,Nafta,3,Manual,1.6,Furgón
558,Citroën,Berlingo,2023,Nafta,3,Manual,1.6,Furgón
559,Citroën,C4 Cactus,2023,Nafta,5,Manual,1.6,SUV
560,Renault,Sandero,2022,Nafta,5,Manual,1.6,Hatchback
562,Peugeot,208,2023,Nafta,5,Manual,1.6,Hatchback
563,Peugeot,Boxer,2023,Diésel,3,Manual,2.2,Furgón
564,Volkswagen,Amarok,2023,Diésel,4,Automática,3.0,Pick-Up
565,Chevrolet,Spin,2022,Nafta,5,Automática,1.8,Monovolumen
566,Peugeot,Boxer,2023,Diésel,3,Manual,2.2,Furgón
567,Jeep,Commander,2022,Diésel,5,Automática,2.0,SUV
568,Renault,Sandero,2022,Nafta,5,Manual,1.6,Hatchback
569,Fiat,Cronos,2022,Nafta,4,Automática,1.3,Sedán
570,Volkswagen,Amarok,2022,Diésel,4,Automática,3.0,Pick-Up
571,Renault,Captur,2022,Nafta,5,Automática,1.6,SUV
572,Volkswagen,Taos,2022,Nafta,5,Automática,1.4,SUV
575,Fiat,Pulse,2022,Nafta,5,Manual,1.3,SUV
576,Volkswagen,Amarok,2023,Diésel,4,Manual,2.0,Pick-Up
577,Volkswagen,Taos,2022,Nafta,5,Automática,1.4,SUV
578,Volkswagen,Amarok,2022,Diésel,4,Automática,2.0,Pick-Up
579,Volkswagen,Amarok,2022,Diésel,4,Manual,2.0,Pick-Up
580,Volkswagen,Amarok,2022,Diésel,4,Automática,2.0,Pick-Up
581,Volkswagen,Amarok,2023,Diésel,4,Automática,3.0,Pick-Up
582,Fiat,Cronos,2022,Nafta,4,Manual,1.3,Sedán
583,Fiat,Cronos,2022,Nafta,4,Manual,1.3,Sedán
584,Fiat,Cronos,2022,Nafta,4,Manual,1.3,Sedán
585,Fiat,Toro,2022,Nafta,4,Automática,1.8,Pick-Up
588,Fiat,Cronos,2022,Nafta,4,Manual,1.3,Sedán
589,Citroën,C3,2023,Nafta,5,Automática,1.6,Hatchback
590,Volkswagen,Amarok,2022,Diésel,4,Automática,3.0,Pick-Up
591,Citroën,C3,2023,Nafta,5,Manual,1.2,Hatchback
592,Fiat,Cronos,2022,Nafta,4,Manual,1.3,Sedán
593,Fiat,Cronos,2022,Nafta,4,Manual,1.3,Sedán
594,Fiat,Cronos,2022,Nafta,4,Manual,1.3,Sedán
595,DS,DS4,2023,Nafta,5,Automática,1.6,Hatchback
596,Fiat,Pulse,2022,Nafta,5,Automática,1.3,SUV
597,Renault,Captur,2022,Nafta,5,Automática,1.6,SUV
598,Renault,ALASKAN,2022,Diésel,4,Manual,2.3,Pick-Up
599,Renault,Kangoo,2022,Nafta,3,Manual,1.6,Furgón
600,Renault,Duster,2022,Nafta,5,Manual,2.0,SUV
601,Renault,Duster,2022,Nafta,5,Manual,1.6,SUV
602,Renault,Logan,2022,Nafta,4,Manual,1.6,Sedán
603,Renault,Kangoo,2022,Nafta,3,Manual,1.6,Furgón
604,Renault,Kangoo,2022,Nafta,4,Manual,1.6,Monovolumen
605,Renault,Duster,2022,Nafta,5,Manual,1.6,SUV
607,Citroën,C4 Cactus,2023,Nafta,5,Manual,1.6,SUV
608,Citroën,C3,2023,Nafta,5,Automática,1.6,Hatchback
609,Renault,ALASKAN,2022,Diésel,4,Manual,2.3,Pick-Up
610,Citroën,Berlingo,2023,Diésel,3,Manual,1.6,Furgón
611,Renault,Kangoo,2022,Nafta,3,Manual,1.6,Furgón
612,Renault,Sandero,2022,Nafta,5,Manual,1.6,Hatchback
613,Citroën,C3,2023,Nafta,5,Automática,1.6,Hatchback
615,Fiat,Cronos,2022,Nafta,4,Manual,1.3,Sedán
616,Renault,ALASKAN,2022,Diésel,4,Manual,2.3,Pick-Up
617,Citroën,C3,2023,Nafta,5,Manual,1.2,Hatchback
618,Citroën,C4 Cactus,2023,Nafta,5,Manual,1.6,SUV
619,Citroën,C4 Cactus,2023,Nafta,5,Manual,1.6,SUV
620,Citroën,Berlingo,2023,Nafta,3,Manual,1.6,Furgón
621,Citroën,C3,2023,Nafta,5,Manual,1.2,Hatchback
623,Citroën,C4 Cactus,2023,Nafta,5,Manual,1.6,SUV
624,Citroën,Berlingo,2023,Diésel,3,Manual,1.6,Furgón
626,Renault,ALASKAN,2022,Diésel,4,Manual,2.3,Pick-Up
627,RAM,1500,2022,Nafta,4,Automática,5.7,Pick-Up
628,RAM,1500,2022,Nafta,4,Automática,5.7,Pick-Up
629,Citroën,Berlingo,2022,Nafta,3,Manual,1.6,Furgón
630,Citroën,C3,2022,Nafta,5,Manual,1.2,Hatchback
631,Peugeot,Partner,2022,Nafta,3,Manual,1.6,Furgón
632,Peugeot,208,2022,Nafta,5,Manual,1.6,Hatchback
633,Fiat,Cronos,2022,Nafta,4,Manual,1.3,Sedán
634,Fiat,Toro,2022,Nafta,4,Automática,1.8,Pick-Up
635,Chevrolet,Tracker,2022,Nafta,5,Automática,1.2,SUV
636,Volkswagen,Amarok,2022,Diésel,4,Automática,3.0,Pick-Up
637,Peugeot,208,2022,Nafta,5,Manual,1.2,Hatchback
638,Fiat,Cronos,2022,Nafta,4,Manual,1.3,Sedán
639,Fiat,Toro,2022,Diésel,4,Automática,2.0,Pick-Up
640,Fiat,Cronos,2022,Nafta,4,Manual,1.3,Sedán
641,Fiat,Pulse,2022,Nafta,5,Automática,1.0,SUV
642,Fiat,Cronos,2022,Nafta,4,Manual,1.3,Sedán
643,Volkswagen,Amarok,2022,Diésel,4,Manual,2.0,Pick-Up
644,Volkswagen,Amarok,2022,Diésel,4,Automática,3.0,Pick-Up
647,Chevrolet,Tracker,2022,Nafta,5,Automática,1.2,SUV
648,RAM,1500,2022,Nafta,4,Automática,5.7,Pick-Up
649,Fiat,Cronos,2022,Nafta,4,Manual,1.3,Sedán
650,Fiat,Cronos,2022,Nafta,4,Manual,1.3,Sedán
651,Jeep,Renegade,2022,Nafta,5,Manual,1.8,SUV
652,Renault,Sandero Stepway,2022,Nafta,5,Manual,1.6,Hatchback
653,Jeep,Commander,2022,Diésel,5,Automática,2.0,SUV
654,Renault,Kangoo,2022,Nafta,3,Manual,1.6,Furgón
655,Fiat,Cronos,2022,Nafta,4,Manual,1.3,Sedán
656,Volkswagen,Vento,2021,Nafta,4,Automática,1.4,Sedán
657,Renault,Master,2022,Diésel,4,Manual,2.3,Monovolumen
658,Ford,Ranger,2022,Diésel,5,Manual,3.2,Pick-Up
659,Fiat,Cronos,2022,Nafta,4,Manual,1.3,Sedán
660,Renault,Sandero,2022,Nafta,5,Manual,1.6,Hatchback
661,Fiat,Cronos,2022,Nafta,4,Manual,1.3,Sedán
662,Renault,Sandero,2022,Nafta,5,Manual,1.6,Hatchback
663,Nissan,Frontier,2022,Diésel,4,Automática,2.3,Pick-Up
664,Nissan,Frontier,2022,Diésel,4,Automática,2.3,Pick-Up
665,Jeep,Compass,2022,Nafta,5,Automática,1.3,SUV
666,Nissan,Frontier,2022,Diésel,4,Automática,2.3,Pick-Up
667,Nissan,Frontier,2022,Diésel,4,Automática,2.3,Pick-Up
668,Nissan,Frontier,2022,Diésel,4,Automática,2.3,Pick-Up
670,Nissan,Frontier,2022,Diésel,4,Automática,2.3,Pick-Up
671,Nissan,Frontier,2022,Diésel,4,Manual,2.3,Pick-Up
672,Nissan,Frontier,2022,Diésel,4,Automática,2.3,Pick-Up
673,Nissan,Frontier,2022,Diésel,4,Manual,2.3,Pick-Up
674,Fiat,Cronos,2022,Nafta,4,Manual,1.3,Sedán
675,Renault,Sandero,2022,Nafta,5,Manual,1.6,Hatchback
676,Peugeot,208,2023,Nafta,5,Automática,1.6,Hatchback
677,Peugeot,208,2023,Nafta,5,Automática,1.6,Hatchback
678,Fiat,Cronos,2022,Nafta,4,Manual,1.3,Sedán
681,Nissan,Frontier,2022,Diésel,4,Automática,2.3,Pick-Up
682,Peugeot,208,2022,Nafta,5,Manual,1.6,Hatchback
683,Volkswagen,Taos,2022,Nafta,5,Automática,1.4,SUV
684,Chevrolet,Tracker,2022,Nafta,5,Automática,1.2,SUV
685,Jeep,Compass,2022,Nafta,5,Automática,1.3,SUV
686,Peugeot,208,2022,Nafta,5,Manual,1.2,Hatchback
687,Fiat,Toro,2022,Diésel,4,Automática,2.0,Pick-Up
688,Chevrolet,S10,2022,Diésel,4,Automática,2.8,Pick-Up
689,Chevrolet,S10,2022,Diésel,4,Automática,2.8,Pick-Up
690,Fiat,Cronos,2022,Nafta,4,Manual,1.3,Sedán
691,Volkswagen,Amarok,2023,Diésel,4,Automática,3.0,Pick-Up
692,Chevrolet,Cruze 5,2022,Nafta,5,Automática,1.4,Hatchback
693,Volkswagen,Virtus,2022,Nafta,4,Manual,1.6,Sedán
695,Chevrolet,Cruze 5,2022,Nafta,5,Automática,1.4,Hatchback
696,Peugeot,Partner,2023,Nafta,3,Manual,1.6,Furgón
697,Chevrolet,Tracker,2022,Nafta,5,Automática,1.2,SUV
698,Peugeot,208,2023,Nafta,5,Automática,1.6,Hatchback
699,Peugeot,208,2023,Nafta,5,Automática,1.6,Hatchback
700,Peugeot,208,2023,Nafta,5,Automática,1.6,Hatchback
701,Peugeot,208,2023,Nafta,5,Manual,1.6,Hatchback
702,Peugeot,208,2023,Nafta,5,Manual,1.6,Hatchback
703,Peugeot,208,2023,Nafta,5,Automática,1.6,Hatchback
704,RAM,1500,2022,Nafta,4,Automática,5.7,Pick-Up
705,Nissan,Frontier,2023,Diésel,4,Automática,2.3,Pick-Up
706,Nissan,Frontier,2023,Diésel,4,Automática,2.3,Pick-Up
707,Renault,Logan,2022,Nafta,4,Manual,1.6,Sedán
708,Volkswagen,Amarok,2022,Diésel,4,Automática,3.0,Pick-Up
709,Renault,Captur,2021,Nafta,5,Automática,1.6,SUV
710,Volkswagen,Amarok,2023,Diésel,4,Automática,3.0,Pick-Up
712,Fiat,Strada,2022,Nafta,3,Manual,1.4,Pick-Up
713,Fiat,Cronos,2022,Nafta,4,Manual,1.3,Sedán
714,Peugeot,5008,2022,Diésel,5,Automática,2.0,Monovolumen
715,Citroën,C3,2022,Nafta,5,Manual,1.6,Hatchback
716,Jeep,Renegade,2022,Nafta,5,Manual,1.8,SUV
718,Volkswagen,Polo,2023,Nafta,5,Manual,1.6,Hatchback
719,Volkswagen,Amarok,2022,Diésel,4,Manual,2.0,Pick-Up
720,Volkswagen,Amarok,2022,Diésel,4,Automática,2.0,Pick-Up
721,Volkswagen,Amarok,2022,Diésel,4,Automática,2.0,Pick-Up
722,Volkswagen,Amarok,2022,Diésel,4,Manual,2.0,Pick-Up
723,Volkswagen,Taos,2022,Nafta,5,Automática,1.4,SUV
724,Volkswagen,Taos,2022,Nafta,5,Automática,1.4,SUV
725,Volkswagen,Amarok,2022,Diésel,4,Automática,3.0,Pick-Up
726,Volkswagen,Amarok,2022,Diésel,4,Automática,3.0,Pick-Up
727,Volkswagen,Amarok,2022,Diésel,4,Automática,2.0,Pick-Up
728,Volkswagen,Amarok,2022,Diésel,4,Manual,2.0,Pick-Up
729,Renault,Kangoo,2022,Nafta,3,Manual,1.6,Furgón
730,Volkswagen,Amarok,2022,Diésel,4,Manual,2.0,Pick-Up
731,Volkswagen,Amarok,2022,Diésel,4,Manual,2.0,Pick-Up
732,Peugeot,208,2022,Nafta,5,Automática,1.6,Hatchback
733,Peugeot,208,2022,Nafta,5,Manual,1.6,Hatchback
734,Peugeot,208,2022,Nafta,5,Manual,1.6,Hatchback
735,Volkswagen,Nivus,2022,Nafta,5,Automática,1.0,SUV
736,Volkswagen,Polo,2022,Nafta,5,Automática,1.6,Hatchback
737,Peugeot,208,2023,Nafta,5,Manual,1.6,Hatchback
738,Peugeot,208,2023,Nafta,5,Automática,1.6,Hatchback
739,Renault,Sandero Stepway,2022,Nafta,5,Manual,1.6,Hatchback
741,Renault,Sandero,2022,Nafta,5,Manual,1.6,Hatchback
742,Volkswagen,Taos,2022,Nafta,5,Automática,1.4,SUV
743,Jeep,Renegade,2022,Nafta,5,Manual,1.8,SUV
744,Nissan,Frontier,2022,Diésel,4,Automática,2.3,Pick-Up
745,Fiat,Cronos,2022,Nafta,4,Manual,1.3,Sedán
746,Volkswagen,Taos,2022,Nafta,5,Automática,1.4,SUV
747,Nissan,Frontier,2023,Diésel,4,Automática,2.3,Pick-Up
748,Volkswagen,Taos,2022,Nafta,5,Automática,1.4,SUV
749,Nissan,Frontier,2022,Diésel,4,Automática,2.3,Pick-Up
750,Nissan,Frontier,2022,Diésel,4,Automática,2.3,Pick-Up
751,Nissan,Frontier,2022,Diésel,4,Automática,2.3,Pick-Up
752,Fiat,Cronos,2023,Nafta,4,Automática,1.3,Sedán
753,Nissan,Frontier,2022,Diésel,4,Automática,2.3,Pick-Up
754,Volkswagen,Amarok,2022,Diésel,4,Automática,3.0,Pick-Up
755,Nissan,Frontier,2022,Diésel,4,Automática,2.3,Pick-Up
756,Nissan,Frontier,2022,Diésel,4,Automática,2.3,Pick-Up
757,Nissan,Frontier,2022,Diésel,4,Automática,2.3,Pick-Up
758,Nissan,Kicks,2022,Nafta,5,Automática,1.6,Hatchback
759,Chevrolet,S10,2022,Diésel,4,Automática,2.8,Pick-Up
760,Fiat,Toro,2022,Nafta,4,Automática,1.8,Pick-Up
761,Volkswagen,Amarok,2022,Diésel,4,Manual,2.0,Pick-Up
762,Citroën,C3,2022,Nafta,5,Manual,1.2,Hatchback
763,Citroën,C3,2022,Nafta,5,Manual,1.2,Hatchback
764,Volkswagen,Amarok,2022,Diésel,4,Automática,3.0,Pick-Up
765,Volkswagen,Amarok,2022,Diésel,4,Manual,2.0,Pick-Up
766,Fiat,Fiorino,2022,Nafta,3,Manual,1.4,Furgón
767,Renault,Sandero,2022,Nafta,5,Manual,1.6,Hatchback
768,Fiat,Cronos,2022,Nafta,4,Manual,1.3,Sedán
769,Fiat,Pulse,2022,Nafta,5,Manual,1.3,SUV
770,Citroën,Berlingo,2023,Diésel,3,Manual,1.6,Furgón
771,Fiat,Cronos,2022,Nafta,4,Manual,1.3,Sedán
772,Citroën,Jumper,2023,Diésel,3,Manual,2.2,Furgón
773,Citroën,C4 Cactus,2023,Nafta,5,Automática,1.6,SUV
774,Fiat,Cronos,2022,Nafta,4,Manual,1.3,Sedán
775,Fiat,Cronos,2022,Nafta,4,Manual,1.3,Sedán
776,Fiat,Cronos,2022,Nafta,4,Manual,1.3,Sedán
777,Fiat,Cronos,2022,Nafta,4,Manual,1.3,Sedán
778,Fiat,Cronos,2022,Nafta,4,Manual,1.3,Sedán
779,Fiat,Strada,2022,Nafta,3,Manual,1.4,Pick-Up
780,Citroën,Berlingo,2023,Diésel,3,Manual,1.6,Furgón
781,Fiat,Toro,2022,Nafta,4,Automática,1.8,Pick-Up
782,Fiat,Cronos,2022,Nafta,4,Manual,1.3,Sedán
783,Fiat,Fiorino,2022,Nafta,3,Manual,1.4,Furgón
784,Volkswagen,T-Cross,2021,Nafta,5,Automática,1.0,SUV
785,Citroën,C3,2022,Nafta,5,Manual,1.2,Hatchback
786,Fiat,Cronos,2022,Nafta,4,Manual,1.3,Sedán
787,Chevrolet,Tracker,2022,Nafta,5,Automática,1.2,SUV
788,Chevrolet,Equinox,2022,Nafta,5,Automática,1.5,SUV
789,Citroën,C3,2023,Nafta,5,Automática,1.6,Hatchback
790,Citroën,C3,2022,Nafta,5,Automática,1.6,Hatchback
791,Citroën,C3,2023,Nafta,5,Automática,1.6,Hatchback
792,Citroën,Berlingo,2023,Nafta,3,Manual,1.6,Furgón
793,Citroën,C4 Cactus,2023,Nafta,5,Manual,1.6,SUV
794,Citroën,C3,2023,Nafta,5,Manual,1.2,Hatchback
795,Citroën,C3,2023,Nafta,5,Automática,1.6,Hatchback
796,Citroën,C3,2023,Nafta,5,Manual,1.2,Hatchback
797,Citroën,C4 Cactus,2023,Nafta,5,Manual,1.6,SUV
798,Citroën,C4 Cactus,2023,Nafta,5,Manual,1.6,SUV
799,Peugeot,208,2023,Nafta,5,Manual,1.2,Hatchback
800,Peugeot,5008,2022,Diésel,5,Automática,2.0,Monovolumen
801,Peugeot,3008,2022,Nafta,5,Automática,1.6,SUV
802,Citroën,Berlingo,2023,Nafta,3,Manual,1.6,Furgón
803,Volkswagen,Amarok,2022,Diésel,4,Automática,3.0,Pick-Up
804,Volkswagen,Vento,2022,Nafta,4,Automática,1.4,Sedán
805,Ford,Ranger,2022,Diésel,4,Automática,3.2,Pick-Up
806,Volkswagen,Amarok,2022,Diésel,4,Automática,3.0,Pick-Up
807,Citroën,Jumper,2023,Diésel,3,Manual,2.2,Furgón
808,Volkswagen,Amarok,2022,Diésel,4,Automática,3.0,Pick-Up
809,Volkswagen,Amarok,2022,Diésel,4,Automática,2.0,Pick-Up
810,Volkswagen,Amarok,2022,Diésel,4,Manual,2.0,Pick-Up
811,Citroën,C3,2023,Nafta,5,Manual,1.2,Hatchback
812,Volkswagen,Amarok,2022,Diésel,4,Manual,2.0,Pick-Up
813,Volkswagen,Amarok,2022,Diésel,4,Automática,2.0,Pick-Up
814,Volkswagen,Amarok,2022,Diésel,4,Automática,2.0,Pick-Up
815,Citroën,Jumper,2023,Diésel,3,Manual,2.2,Furgón
816,Citroën,Jumper,2023,Diésel,3,Manual,2.2,Furgón
817,Chevrolet,Equinox,2022,Nafta,5,Automática,1.5,SUV
818,Volkswagen,Vento,2021,Nafta,4,Automática,1.4,Sedán
819,Volkswagen,Vento,2022,Nafta,4,Automática,1.4,Sedán
820,Volkswagen,Taos,2022,Nafta,5,Automática,1.4,SUV
821,Volkswagen,Amarok,2022,Diésel,4,Manual,2.0,Pick-Up
822,Volkswagen,Taos,2022,Nafta,5,Automática,1.4,SUV
823,Jeep,Renegade,2021,Diésel,5,Automática,2.4,SUV
824,Chevrolet,Tracker,2021,Nafta,5,Manual,1.2,SUV
825,Fiat,TORO 1.3 T AT6,2021,Nafta,4,Automática,1.8,Pick-Up
826,Renault,Kangoo,2021,Diésel,3,Manual,1.5,Monovolumen
827,Chevrolet,Onix,2021,Nafta,5,Manual,1.4,Hatchback
828,Volkswagen,Taos,2021,Nafta,5,Automática,1.4,SUV
829,Peugeot,2008,2021,Nafta,5,Manual,1.6,SUV
830,Fiat,Strada,2021,Nafta/GNC,3,Manual,1.4,Pick-Up
831,Chevrolet,Cruze,2021,Nafta,5,Manual,1.4,Hatchback
832,Jeep,Renegade,2021,Nafta,5,Manual,1.8,SUV
833,Ford,Bronco Sport,2021,Nafta,5,Automática,1.5,Off-Road
834,Toyota,Hilux,2021,Diésel,4,Manual,2.4,Pick-Up
835,Volkswagen,Gol Trend,2021,Nafta,5,Manual,1.6,Hatchback
837,Jeep,Renegade,2021,Nafta,5,Manual,1.8,SUV
838,Peugeot,Partner,2021,Diésel,3,Manual,1.6,Hatchback
839,Renault,Captur,2021,Nafta,5,Automática,1.6,SUV
840,Chevrolet,Onix,2021,Nafta,5,Manual,1.2,Hatchback
841,Jeep,Renegade,2021,Nafta,5,Manual,1.8,SUV
842,Chevrolet,Tracker,2021,Nafta,5,Manual,1.2,SUV
843,Nissan,Kicks,2021,Nafta,5,Manual,1.6,Hatchback
844,Volkswagen,Nivus,2021,Nafta,5,Automática,1.0,SUV
845,Renault,Duster,2021,Nafta,5,Manual,2.0,SUV
846,Chevrolet,Tracker,2021,Nafta,5,Automática,1.2,SUV
847,Renault,Kangoo,2021,Nafta,3,Manual,1.6,Furgón
848,Peugeot,208,2021,Nafta,5,Manual,1.2,Hatchback
849,Volkswagen,Amarok,2021,Diésel,4,Automática,3.0,Pick-Up
850,Toyota,Etios,2021,Nafta,5,Manual,1.5,Hatchback
851,Renault,Sandero Stepway,2021,Nafta,5,Manual,1.6,Hatchback
852,Renault,Duster,2021,Nafta,5,Manual,2.0,SUV
853,Peugeot,Expert,2021,Diésel,3,Manual,1.6,Furgón
854,Volkswagen,Nivus,2021,Nafta,5,Automática,1.0,SUV
855,Peugeot,208,2021,Nafta,5,Manual,1.2,Hatchback
856,Nissan,Versa,2021,Nafta,4,Automática,1.6,Sedán
857,Toyota,Hilux,2021,Diésel,4,Automática,2.8,Pick-Up
859,Renault,ALASKAN,2021,Diésel,4,Manual,2.3,Pick-Up
860,Chevrolet,Cruze,2021,Nafta,4,Automática,1.4,Sedán
861,Peugeot,Partner,2023,Nafta,3,Manual,1.6,Furgón
862,Fiat,Argo,2021,Nafta,5,Automática,1.3,Hatchback
864,Toyota,Yaris,2021,Nafta,5,Manual,1.5,Hatchback
865,Renault,Duster,2021,Nafta,5,Manual,1.3,SUV
866,Volkswagen,T CROSS 1.0 TURBO,2021,Nafta,5,Manual,1.6,Hatchback
867,Nissan,Versa,2020,Nafta,4,Automática,1.6,Sedán
868,Nissan,Sentra,2021,Nafta,4,Automática,2.0,Sedán
869,Ford,Territory,2021,Nafta,5,Automática,1.5,SUV
870,Nissan,Sentra,2021,Nafta,4,Automática,2.0,Sedán
871,Fiat,Toro,2021,Diésel,4,Automática,2.0,Pick-Up
872,Nissan,Kicks,2021,Nafta,5,Manual,1.6,Hatchback
873,Fiat,Toro,2021,Diésel,4,Manual,2.0,Pick-Up
874,Fiat,Fiorino,2021,Nafta,3,Manual,1.4,Furgón
875,Chevrolet,Cruze II,2021,Nafta,4,Automática,1.4,Sedán
876,Peugeot,208,2021,Nafta,5,Manual,1.6,Hatchback
877,Volkswagen,Nivus,2021,Nafta,5,Automática,1.0,SUV
880,Nissan,Frontier,2020,Diésel,4,Manual,2.3,Pick-Up
881,Renault,Kangoo,2021,Nafta,3,Manual,1.6,Furgón
882,Nissan,Kicks,2021,Nafta,5,Automática,1.6,Hatchback
883,Renault,Kangoo,2021,Diésel,3,Manual,1.5,Monovolumen
884,Toyota,Hilux,2021,Diésel,4,Manual,2.4,Pick-Up
885,Renault,Captur,2021,Nafta,5,Automática,1.6,SUV
886,Volkswagen,Nivus,2021,Nafta,5,Automática,1.0,SUV
887,Jeep,Renegade,2021,Nafta,5,Automática,1.8,SUV
890,Volkswagen,Vento,2021,Nafta,4,Automática,1.4,Sedán
891,Jetour,X70,2021,Nafta,5,Automática,1.8,Sedán
892,Toyota,Yaris,2021,Nafta,4,Manual,1.5,Sedán
893,Fiat,Argo,2020,Nafta,5,Manual,1.8,Hatchback
895,Citroën,C3,2023,Nafta,5,Manual,1.2,Hatchback
896,Nissan,Sentra,2022,Nafta,4,Automática,2.0,Sedán
897,Citroën,C4 Cactus,2023,Nafta,5,Manual,1.6,SUV
899,Peugeot,3008,2023,Diésel,5,Automática,2.0,SUV
900,Citroën,C4 Cactus,2023,Nafta,5,Manual,1.6,SUV
901,Renault,Kangoo,2022,Diésel,3,Manual,1.5,Furgón
902,Renault,Duster,2023,Nafta,5,Manual,1.6,Pick-Up
903,Ford,Ecosport,2022,Nafta,5,Automática,1.5,SUV
904,Peugeot,208,2023,Nafta,5,Automática,1.6,Hatchback
905,Fiat,Toro,2022,Diésel,4,Automática,2.0,Pick-Up
907,Fiat,Cronos,2022,Nafta,4,Manual,1.8,Sedán
908,Jeep,Commander,2022,Diésel,5,Automática,2.0,SUV
910,Ford,Ecosport,2021,Nafta,5,Manual,1.5,SUV
911,Nissan,Kicks,2022,Nafta,5,Manual,1.6,Hatchback
912,Volkswagen,Amarok,2022,Diésel,4,Manual,2.0,Pick-Up
913,Citroën,C3,2022,Nafta,5,Manual,1.2,Hatchback
914,Toyota,Yaris,2022,Nafta,5,Manual,1.5,Hatchback
916,Fiat,Toro,2021,Diésel,4,Manual,2.0,Pick-Up
917,Nissan,Sentra,2021,Nafta,4,Manual,2.0,Sedán
919,Nissan,Versa,2022,Nafta,4,Automática,1.6,Sedán
920,Fiat,Pulse,2022,Nafta,5,Automática,1.3,SUV
921,Peugeot,3008,2022,Diésel,5,Automática,2.0,SUV
922,Fiat,Pulse,2022,Nafta,5,Automática,1.0,SUV
923,Toyota,Etios,2021,Nafta,5,Manual,1.5,Hatchback
924,Renault,Duster,2021,Nafta,5,Manual,1.6,SUV
925,Volkswagen,Amarok,2022,Diésel,4,Automática,2.0,Pick-Up
926,Renault,Master,2022,Diésel,5,Manual,2.3,Furgón
927,Citroën,Berlingo,2023,Nafta,3,Manual,1.6,Furgón
928,Toyota,Etios,2022,Nafta,4,Manual,1.5,Sedán
930,Toyota,Etios,2023,Nafta,4,Automática,1.5,Sedán
931,Fiat,Pulse,2022,Nafta/GNC,5,Manual,1.0,SUV
932,Volkswagen,Amarok,2022,Diésel,4,Automática,3.0,Pick-Up
933,Peugeot,Boxer,2022,Diésel,3,Manual,2.2,Furgón
934,Chevrolet,Onix,2021,Nafta,5,Manual,1.2,Hatchback
935,Renault,Kangoo,2022,Diésel,3,Manual,1.5,Monovolumen
936,Fiat,Toro,2022,Diésel,4,Automática,2.0,Pick-Up
937,Chevrolet,S10,2022,Diésel,4,Automática,2.8,Pick-Up
939,Fiat,Toro,2022,Diésel,4,Automática,2.0,Pick-Up
940,Citroën,C3,2023,Nafta,5,Manual,1.6,Hatchback
941,DS,DS4,2022,Nafta,5,Manual,1.6,Hatchback
942,Chevrolet,Onix plus,2021,Nafta,4,Manual,1.2,Sedán
943,Chevrolet,S10,2022,Diésel,4,Automática,2.8,Pick-Up
944,Volkswagen,Nivus,2022,Nafta,5,Manual,1.0,SUV
947,Fiat,Strada,2021,Nafta/GNC,5,Manual,1.4,Pick-Up
949,Nissan,Versa,2021,Nafta,4,Automática,1.6,Sedán
950,Renault,Stepway,2022,Nafta,5,Manual,1.6,Hatchback
951,Peugeot,208,2022,Nafta,5,Manual,1.6,Hatchback
952,Mercedes-Benz,Sprinter,2022,Diésel,2,Manual,2.1,Furgón
953,Nissan,Kicks,2021,Nafta,5,Automática,1.6,Hatchback
954,Nissan,Versa,2021,Nafta,4,Automática,1.6,Sedán
955,Renault,Kangoo,2022,Nafta,3,Manual,1.6,Furgón
956,Jeep,Compass,2022,Nafta,5,Automática,1.3,SUV
957,Nissan,Kicks,2023,Nafta,5,Automática,1.6,Hatchback
958,Nissan,Frontier,2022,Diésel,4,Automática,2.3,Pick-Up
959,DS,DS7 Crossback,2022,Híbrido,5,Automática,2.0,Monovolumen
960,Fiat,Cronos,2022,Nafta,4,Manual,1.3,Sedán
961,Renault,Oroch,2022,Nafta,4,Manual,1.6,SUV
963,Volkswagen,Amarok,2022,Diésel,4,Automática,3.0,Pick-Up
965,Peugeot,208,2023,Nafta,5,Automática,1.6,Hatchback
966,Baic,X25,2021,Nafta,5,Automática,1.5,SUV
967,Peugeot,5008,2022,Diésel,5,Automática,2.0,Monovolumen
968,Nissan,Frontier,2022,Diésel,4,Automática,2.3,Pick-Up
969,Nissan,Versa,2021,Nafta,4,Automática,1.6,Sedán
970,Nissan,Frontier,2023,Diésel,4,Automática,2.3,Pick-Up
971,Volkswagen,Nivus,2022,Nafta,4,Manual,1.0,SUV
972,Nissan,Kicks,2023,Nafta,5,Manual,1.6,Hatchback
973,Citroën,Berlingo,2023,Diésel,3,Manual,1.6,Furgón
975,Fiat,Fiorino,2021,Nafta,3,Manual,1.4,Furgón
976,Renault,Duster,2021,Nafta,5,Manual,1.6,SUV
977,Peugeot,208,2022,Nafta,5,Automática,1.6,Hatchback
978,Chevrolet,Tracker,2021,Nafta,5,Automática,1.2,SUV
980,Chevrolet,ONIX 1.0 T,2022,Nafta,5,Manual,1.0,Hatchback
981,Fiat,Cronos,2022,Nafta,4,Manual,1.3,Sedán
982,Fiat,Argo,2021,Nafta/GNC,5,Manual,1.3,Hatchback
983,Renault,Kangoo,2022,Nafta,3,Manual,1.6,Furgón
984,Fiat,Toro,2022,Nafta,4,Automática,1.8,Pick-Up
985,Chevrolet,Trailblazer,2022,Diésel,5,Automática,2.8,SUV
986,Nissan,Sentra,2021,Nafta,4,Manual,2.0,Sedán
987,Renault,Sandero,2022,Nafta,5,Manual,1.6,Hatchback
988,Citroën,C3,2022,Nafta,5,Automática,1.6,Hatchback
989,Volkswagen,T-Cross,2021,Nafta,5,Manual,1.6,SUV
990,Peugeot,208,2023,Nafta,5,Automática,1.6,Hatchback
991,Volkswagen,Amarok,2022,Diésel,4,Manual,2.0,Pick-Up
992,Volkswagen,Nivus,2022,Nafta,4,Automática,1.0,SUV
993,Chevrolet,Onix,2022,Nafta,5,Manual,1.4,Hatchback
994,Toyota,Hilux,2022,Diésel,4,Manual,2.4,Pick-Up
995,Fiat,Strada,2022,Nafta,3,Manual,1.4,Pick-Up
996,Fiat,Cronos,2022,Nafta,4,Manual,1.3,Sedán
998,Peugeot,208,2023,Nafta,5,Automática,1.6,Hatchback
999,Fiat,Toro,2022,Nafta,4,Automática,1.8,Pick-Up
1000,Nissan,Frontier,2023,Diésel,4,Automática,2.3,Pick-Up
1001,Renault,Duster,2022,Nafta,5,Manual,2.0,SUV
1002,Renault,Captur,2022,Nafta,5,Automática,1.6,SUV
1003,Nissan,Frontier,2022,Diésel,4,Automática,2.3,Pick-Up
1004,Peugeot,5008,2022,Diésel,5,Automática,2.0,Monovolumen
1005,Jeep,Renegade,2021,Nafta,5,Manual,1.8,SUV
1006,Chevrolet,S10,2022,Diésel,5,Automática,2.8,Pick-Up
1007,Volkswagen,Polo,2021,Nafta,5,Automática,1.4,Hatchback
1008,Toyota,Hilux,2022,Diésel,4,Manual,2.8,Pick-Up
1009,Nissan,Frontier,2023,Diésel,4,Automática,2.3,Pick-Up
1010,RAM,1500,2022,Nafta,4,Automática,5.7,Pick-Up
1011,Nissan,Frontier,2023,Diésel,4,Manual,2.3,Pick-Up
1012,Nissan,Sentra,2021,Nafta,4,Automática,2.0,Sedán
1013,Fiat,Fiorino,2021,Nafta,3,Manual,1.4,Furgón
1014,Renault,ALASKAN,2022,Diésel,4,Manual,2.3,Pick-Up
1015,Volkswagen,Nivus,2022,Nafta,5,Manual,1.0,SUV
1016,Toyota,Yaris,2022,Nafta,5,Manual,1.5,Hatchback
1017,Peugeot,208,2023,Nafta,5,Manual,1.6,Hatchback
1018,Jeep,Compass,2022,Nafta,5,Automática,1.3,SUV
1019,Peugeot,2008,2022,Nafta,5,Manual,1.6,SUV
1020,Volkswagen,Amarok,2022,Diésel,4,Manual,2.0,Pick-Up
1021,Nissan,Frontier,2022,Diésel,4,Automática,2.3,Pick-Up
1022,Renault,Duster Oroch,2022,Nafta,4,Automática,1.3,Pick-Up
1023,Renault,Duster,2022,Nafta,5,Manual,1.6,SUV
1024,Toyota,Hilux,2021,Diésel,4,Manual,2.8,Pick-Up
1025,Volkswagen,Amarok,2023,Diésel,4,Automática,3.0,Pick-Up
1026,Toyota,Etios,2023,Nafta,5,Manual,1.5,Hatchback
1027,Chevrolet,Cruze II,2022,Nafta,5,Automática,1.4,Hatchback
1028,Nissan,Frontier,2022,Diésel,4,Manual,2.3,Pick-Up
1030,Renault,Sandero,2022,Nafta,5,Manual,1.6,Hatchback
1031,Renault,Logan,2022,Nafta,5,Manual,1.6,Sedán
1032,Chevrolet,S-10,2021,Diésel,4,Automática,2.8,Pick-Up
1034,Fiat,Toro,2021,Diésel,4,Automática,2.0,Pick-Up
1035,Nissan,Kicks,2021,Nafta,5,Automática,1.6,Hatchback
1037,Chevrolet,Onix,2022,Nafta,5,Automática,1.0,Hatchback
1038,Renault,Duster Oroch,2022,Nafta,4,Manual,1.3,Pick-Up
1040,Citroën,C4,2023,Nafta/GNC,4,Automática,1.6,SUV
1041,Chevrolet,Cruze 5,2022,Nafta,5,Automática,1.4,Hatchback
1044,Chevrolet,Onix,2021,Nafta,5,Automática,1.0,Hatchback
1045,Fiat,Cronos,2022,Nafta,4,Manual,1.3,Sedán
1046,Jeep,Renegade,2022,Nafta,5,Automática,1.8,SUV
1048,Renault,Sandero,2022,Nafta,5,Manual,1.6,Hatchback
1049,Jeep,Compass,2022,Nafta,5,Automática,1.3,SUV
1050,Peugeot,3008,2023,Diésel,5,Automática,2.0,SUV
1051,Renault,Kangoo,2021,Nafta,3,Manual,1.6,Furgón
1054,Fiat,Strada,2021,Nafta/GNC,5,Manual,1.4,Monovolumen
1056,Citroën,C3,2022,Nafta,5,Manual,1.2,Hatchback
1057,Fiat,Pulse,2022,Nafta/GNC,5,Automática,1.0,SUV
1058,Fiat,Cronos,2022,Nafta,4,Manual,1.3,Sedán
1059,Toyota,Corolla Cross,2022,Híbrido,5,Automática,1.8,Monovolumen
1060,Renault,Logan,2021,Nafta,4,Manual,1.6,Sedán
1061,Renault,Kangoo,2022,Nafta,3,Manual,1.6,Furgón
1062,Jeep,Renegade,2023,Nafta,4,Automática,1.8,SUV
1063,Renault,Sandero,2022,Nafta,5,Manual,1.6,Hatchback
1064,Chevrolet,S10,2022,Diésel,4,Automática,2.8,Pick-Up
1065,Nissan,Kicks,2023,Nafta,5,Manual,1.6,Hatchback
1066,Nissan,Frontier,2023,Diésel,4,Automática,2.3,Pick-Up
1067,Renault,Kangoo,2022,Nafta,5,Manual,1.6,Furgón
1068,Toyota,Corolla,2022,Nafta,4,Automática,1.8,Sedán
1069,Toyota,Corolla,2021,Nafta,4,Automática,1.8,Sedán
1071,Toyota,Yaris,2022,Nafta,5,Manual,1.5,Hatchback
1072,Citroën,C3,2022,Nafta,5,Automática,1.6,Hatchback
1073,Chevrolet,Tracker,2022,Nafta,5,Automática,1.2,SUV
1074,Citroën,Berlingo,2023,Nafta,3,Manual,1.6,Furgón
1075,Volkswagen,Amarok,2022,Diésel,4,Automática,2.0,Pick-Up
1076,Citroën,C4 Cactus,2023,Nafta,5,Manual,1.6,SUV
1078,Chevrolet,Onix,2022,Nafta,5,Automática,1.0,Hatchback
1079,Jeep,Renegade,2021,Nafta,5,Automática,1.8,SUV
1080,Mercedes-Benz,Sprinter,2022,Diésel,2,Manual,2.1,Minivan
1081,Jeep,Compass,2023,Nafta,5,Automática,1.3,SUV
1082,Renault,Captur,2022,Nafta,5,Automática,1.6,SUV
1083,Citroën,C3,2022,Nafta,5,Manual,1.2,Hatchback
1084,Mercedes-Benz,Sprinter,2022,Diésel,4,Manual,2.1,Furgón
1085,Chevrolet,S10,2022,Diésel,4,Manual,2.8,Pick-Up
1086,Renault,Sandero,2022,Nafta,5,Manual,1.6,Hatchback
1087,Volkswagen,Nivus,2022,Nafta,5,Manual,1.0,SUV
1088,Volkswagen,Amarok,2022,Diésel,4,Manual,2.0,Pick-Up
1089,Renault,Kangoo,2022,Nafta,3,Manual,1.6,Furgón
1090,Chevrolet,Cruze II,2021,Nafta,4,Automática,1.4,Sedán
1091,Renault,Duster Oroch,2021,Nafta,4,Manual,1.6,SUV
1093,Nissan,Frontier,2023,Diésel,4,Automática,2.3,Pick-Up
1094,Chevrolet,Cruze 5,2022,Nafta,5,Automática,1.4,Hatchback
1095,Fiat,Pulse,2022,Nafta,5,Manual,1.3,SUV
1096,DFSK,C31,2022,Nafta,2,Manual,1.5,Pick-Up
1097,Citroën,C3,2022,Nafta,5,Manual,1.2,Hatchback
1098,Renault,Duster,2022,Nafta,5,Automática,1.3,Sedán
1099,Citroën,C4 Cactus,2023,Nafta,5,Manual,1.6,SUV
1100,Volkswagen,T-Cross,2022,Nafta,5,Automática,1.0,SUV
1101,Renault,Kangoo,2022,Nafta,3,Manual,1.6,Monovolumen
1102,Ford,Ranger,2022,Diésel,4,Manual,3.2,Pick-Up
1103,Nissan,Sentra,2021,Nafta,4,Automática,2.0,Sedán
1104,DFSK,C32,2022,Nafta,2,Manual,1.5,Pick-Up
1106,Nissan,Frontier,2022,Diésel,4,Automática,2.3,Pick-Up
1107,Renault,Sandero,2022,Nafta,5,Manual,1.6,Hatchback
1108,Nissan,Frontier,2023,Diésel,4,Automática,2.3,Pick-Up
1109,Nissan,Frontier,2023,Diésel,4,Automática,2.3,Pick-Up
1110,Nissan,Frontier,2022,Diésel,4,Manual,2.3,Pick-Up
1111,Volkswagen,Amarok,2023,Diésel,4,Manual,2.0,Pick-Up
1112,Renault,Master,2021,Diésel,4,Manual,2.3,Monovolumen
1113,Renault,Kangoo,2021,Diésel,3,Manual,1.5,Furgón
1114,Chevrolet,S10,2022,Diésel,4,Manual,2.8,Pick-Up
1115,Volkswagen,T-Cross,2021,Nafta,5,Manual,1.6,SUV
1116,Fiat,Cronos,2021,Nafta,4,Automática,1.8,Sedán
1117,Volkswagen,T-Cross,2021,Nafta,5,Automática,1.0,SUV
1118,Renault,Logan,2022,Nafta,4,Manual,1.6,Sedán
1120,Toyota,Yaris,2021,Nafta,5,Manual,1.5,Hatchback
1121,Renault,ALASKAN,2021,Diésel,4,Automática,2.3,Pick-Up
1122,Fiat,Toro,2022,Nafta,4,Automática,1.8,Pick-Up
1123,Chevrolet,Cruze,2022,Nafta,5,Automática,1.4,Hatchback
1125,Citroën,C4 Cactus,2022,Nafta,5,Manual,1.6,SUV
1127,Fiat,Cronos,2022,Nafta,4,Manual,1.3,Sedán
1128,Peugeot,208,2022,Nafta,5,Automática,1.6,Hatchback
1129,Renault,Kangoo,2022,Diésel,3,Manual,1.5,Furgón
1130,Renault,Oroch,2022,Nafta,4,Manual,1.3,SUV
1131,Toyota,Etios,2022,Nafta,5,Automática,1.5,Hatchback
1134,Citroën,Berlingo,2022,Diésel,3,Manual,1.6,Furgón
1135,Nissan,Versa,2021,Nafta,4,Automática,1.6,Sedán
1136,Renault,Sandero,2022,Nafta,5,Manual,1.6,Hatchback
1137,Jeep,Commander,2022,Diésel,5,Automática,2.0,SUV
1138,Peugeot,208,2022,Nafta,5,Manual,1.6,Hatchback
1139,Chevrolet,Cruze 5,2022,Nafta,5,Automática,1.4,Hatchback
1140,Ford,Territory,2022,Nafta,5,Automática,1.5,SUV
1141,Peugeot,208,2022,Nafta,5,Automática,1.6,Hatchback
1142,Citroën,Jumpy,2022,Diésel,3,Manual,1.6,Furgón
1143,Volkswagen,T-Cross,2022,Nafta,5,Automática,1.6,SUV
1144,Renault,Sandero,2022,Nafta,5,Manual,1.6,Hatchback
1145,Volkswagen,Amarok,2022,Diésel,4,Manual,2.0,Pick-Up
1146,Chevrolet,Tracker,2022,Nafta,5,Automática,1.2,SUV
1147,Toyota,Yaris,2022,Nafta,5,Automática,1.5,Hatchback
1148,Peugeot,Partner Patagónica,2022,Diésel,4,Manual,1.6,Monovolumen
1149,Fiat,Cronos,2022,Nafta,4,Manual,1.3,Sedán
1151,Renault,Logan,2022,Nafta,4,Manual,1.6,Sedán
1153,Jeep,Compass,2021,Nafta,5,Automática,2.4,SUV
1154,Nissan,Kicks,2021,Nafta,5,Automática,1.6,Hatchback
1156,Citroën,Berlingo,2023,Nafta,3,Manual,1.6,Furgón
1157,Renault,ALASKAN,2022,Diésel,4,Manual,2.3,Pick-Up
1158,Renault,Sandero Stepway,2022,Nafta,5,Manual,1.6,Hatchback
1159,Volkswagen,Polo,2020,Nafta,5,Manual,1.6,Hatchback
1160,Citroën,C3,2022,Nafta,5,Manual,1.6,Hatchback
1161,Toyota,Hilux,2022,Diésel,4,Automática,2.8,Pick-Up
1162,Fiat,Pulse,2023,Nafta,5,Automática,1.0,SUV
1163,Toyota,Hilux,2022,Diésel,4,Automática,2.8,Pick-Up
1164,Fiat,Pulse,2023,Nafta,5,Automática,1.0,SUV
1165,Nissan,Versa,2021,Nafta,4,Automática,1.6,Sedán
1166,Chevrolet,Equinox,2023,Nafta,5,Automática,1.5,SUV
1167,Chevrolet,Onix,2021,Nafta,5,Automática,1.0,Hatchback
1168,Volkswagen,T-Cross,2021,Nafta,5,Automática,1.0,SUV
1169,Fiat,Pulse,2022,Nafta,5,Automática,1.0,SUV
1170,Fiat,Pulse,2023,Nafta,5,Automática,1.0,SUV
1171,Renault,ALASKAN,2021,Diésel,4,Automática,2.3,Pick-Up
1172,Citroën,Berlingo,2023,Diésel,3,Manual,1.6,Furgón
1173,Fiat,Toro,2023,Diésel,4,Automática,2.0,Pick-Up
1174,Toyota,Yaris,2021,Nafta,5,Automática,1.5,Hatchback
1175,Renault,Sandero Stepway,2022,Nafta,5,Manual,1.6,Hatchback
1176,Volkswagen,T-Cross,2022,Nafta,5,Manual,1.6,SUV
1177,Citroën,Berlingo,2023,Nafta,3,Manual,1.6,Furgón
1178,Renault,Logan,2022,Nafta,4,Manual,1.6,Sedán
1180,Renault,Kangoo,2022,Diésel,3,Manual,1.5,Furgón
1181,Nissan,Kicks,2023,Nafta,5,Manual,1.6,Hatchback
1182,Citroën,C4 Cactus,2023,Nafta,5,Manual,1.6,SUV
1184,Nissan,Versa,2022,Nafta,4,Automática,1.6,Sedán
1185,Fiat,Cronos,2021,Nafta,4,Manual,1.3,Sedán
1187,Renault,Duster Oroch,2022,Nafta,4,Manual,2.0,Pick-Up
1188,Jeep,Renegade,2021,Nafta,5,Manual,1.8,SUV
1189,Fiat,Pulse,2022,Nafta,5,Manual,1.3,SUV
1190,Renault,Kangoo,2022,Diésel,3,Manual,1.5,Monovolumen
1191,Nissan,Frontier,2022,Diésel,4,Automática,2.3,Pick-Up
1192,Volkswagen,Amarok,2022,Diésel,4,Automática,3.0,Pick-Up
1193,Toyota,Hilux,2023,Diésel,4,Automática,2.8,Pick-Up
1194,Baic,X25,2021,Nafta,5,Manual,1.5,SUV
1195,Nissan,Versa,2023,Nafta,4,Automática,1.6,Sedán
1198,Toyota,Hilux,2021,Diésel,4,Automática,2.8,Pick-Up
1200,Volkswagen,Taos,2022,Nafta,5,Automática,1.4,SUV
1201,Nissan,Frontier,2023,Diésel,4,Automática,2.3,Pick-Up
1202,Nissan,Kicks,2022,Nafta,5,Automática,1.6,Hatchback
1203,Fiat,Cronos,2022,Nafta,4,Manual,1.3,Sedán
1204,Jeep,Compass,2022,Nafta,5,Automática,1.3,SUV
1206,Renault,Sandero Stepway,2021,Nafta,5,Manual,1.6,Hatchback
1207,Chevrolet,Onix,2022,Nafta,5,Manual,1.2,Hatchback
1208,RAM,1500,2021,Nafta,4,Automática,5.7,Pick-Up
1209,Chevrolet,Onix,2022,Nafta,5,Manual,1.2,Hatchback
1211,Fiat,Pulse,2022,Nafta,5,Automática,1.0,SUV
1212,Renault,"kangoo confort 1,6",2022,Nafta,6,Manual,1.6,Furgón
1215,Volkswagen,Amarok,2021,Diésel,4,Automática,3.0,Pick-Up
1216,Toyota,Etios,2023,Nafta,5,Manual,1.5,Hatchback
1217,Renault,Kangoo,2022,Nafta,4,Manual,1.5,Furgón
1219,Fiat,Toro,2021,Diésel,4,Manual,2.0,Pick-Up
1220,Citroën,C4 Cactus,2022,Nafta,5,Manual,1.6,SUV
1221,Renault,Kangoo,2022,Nafta,3,Manual,1.6,Monovolumen
1222,Jeep,Compass,2022,Nafta,5,Automática,1.3,SUV
1223,Nissan,Kicks,2023,Nafta,5,Automática,1.6,Hatchback
1224,Peugeot,Expert,2022,Diésel,3,Manual,1.6,Furgón
1225,Toyota,SW4,2023,Diésel,5,Automática,2.8,SUV
1226,Renault,Kangoo,2022,Nafta,4,Manual,1.6,Monovolumen
1227,Toyota,Hiace,2022,Diésel,4,Automática,2.8,Furgón
1228,DS,DS4,2023,Nafta,5,Automática,1.6,Hatchback
1229,Renault,Sandero Stepway,2022,Nafta,5,Manual,1.6,Hatchback
1230,Volkswagen,Taos,2021,Nafta,5,Automática,1.4,SUV
1231,Toyota,Hilux,2022,Diésel,4,Manual,2.4,Pick-Up
1232,Nissan,Frontier,2023,Diésel,4,Automática,2.3,Pick-Up
1233,Renault,Logan,2022,Nafta,4,Manual,1.6,Sedán
1234,Nissan,Kicks,2021,Nafta,5,Manual,1.6,Hatchback
1235,Renault,Sandero,2022,Nafta,5,Manual,1.6,Hatchback
1236,Fiat,Mobi,2022,Nafta,5,Manual,1.0,Hatchback
1237,Chevrolet,Spin,2022,Nafta,5,Manual,1.8,Monovolumen
1238,Peugeot,3008,2023,Diésel,5,Automática,2.0,SUV
1239,Chevrolet,Onix,2022,Nafta,5,Automática,1.0,Hatchback
1240,Renault,Logan,2020,Nafta,4,Manual,1.6,Sedán
1241,Toyota,Corolla,2022,Híbrido/Nafta,4,Automática,1.8,Sedán
1242,Nissan,Frontier,2022,Diésel,4,Automática,2.3,Pick-Up
1243,Renault,Logan,2021,Nafta,4,Manual,1.6,Sedán
1245,Nissan,Frontier,2022,Diésel,4,Automática,2.3,Pick-Up
1246,RAM,1500,2022,Nafta,4,Automática,5.7,Pick-Up
1247,Volkswagen,Taos,2022,Nafta,5,Automática,1.4,SUV
1248,Citroën,C5 Aircross,2022,Nafta,5,Automática,1.6,SUV
1249,Volkswagen,Amarok,2022,Diésel,4,Automática,3.0,Pick-Up
1250,Fiat,Pulse,2023,Nafta,5,Automática,1.3,SUV
1251,Citroën,C3,2022,Nafta,5,Manual,1.6,Hatchback
1252,Nissan,Sentra,2021,Nafta,4,Manual,2.0,Sedán
1253,Volkswagen,Polo,2022,Nafta,5,Manual,1.6,Hatchback
1254,Chevrolet,Tracker,2022,Nafta,5,Automática,1.2,SUV
1255,Peugeot,208,2022,Nafta,5,Automática,1.6,Hatchback
1256,Nissan,Versa,2021,Nafta,4,Automática,1.6,Sedán
1257,Volkswagen,Taos,2022,Nafta,5,Automática,1.4,SUV
1258,Nissan,Kicks,2023,Nafta,5,Manual,1.6,Hatchback
1259,Volkswagen,T-Cross,2023,Nafta,5,Manual,1.6,SUV
1260,Renault,Kangoo,2021,Nafta,3,Manual,1.6,Furgón
1261,Citroën,C4 Cactus,2022,Nafta,5,Automática,1.6,SUV
1262,Toyota,Corolla,2023,Híbrido/Nafta,4,Automática,1.8,Sedán
1263,Volkswagen,T-Cross,2021,Nafta,5,Manual,1.6,SUV
1264,Volkswagen,Amarok,2022,Diésel,4,Automática,3.0,Pick-Up
1265,Citroën,C4 Cactus,2022,Nafta,5,Manual,1.6,SUV
1267,Toyota,Yaris,2022,Nafta,5,Manual,1.5,Hatchback
1268,Chevrolet,S10,2021,Diésel,4,Manual,2.8,Pick-Up
1269,Volkswagen,Taos,2022,Nafta,5,Automática,1.4,SUV
1270,Renault,Kangoo,2022,Nafta,3,Manual,1.6,Furgón
1271,Fiat,Argo,2022,Nafta,5,Manual,1.8,Hatchback
1272,Chevrolet,S10,2022,Diésel,4,Automática,2.8,Pick-Up
1273,Chevrolet,Onix plus,2022,Nafta,4,Manual,1.2,Sedán
1274,Citroën,Berlingo,2023,Diésel,3,Manual,1.6,Furgón
1275,Chevrolet,Tracker,2021,Nafta,5,Automática,1.2,SUV
1276,Ford,Ranger,2022,Nafta,4,Manual,2.5,Pick-Up
1277,Ford,Ecosport,2022,Nafta,5,Manual,1.5,SUV
1278,Peugeot,208,2023,Nafta,5,Automática,1.6,Hatchback
1279,Renault,ALASKAN,2022,Diésel,4,Manual,2.3,Pick-Up
1280,Renault,Kangoo,2022,Diésel,3,Manual,1.5,Furgón
1281,Nissan,Frontier,2022,Diésel,4,Automática,2.3,Pick-Up
1282,Nissan,Kicks,2021,Nafta,5,Manual,1.6,Hatchback
1283,Fiat,Fiorino,2022,Nafta,3,Manual,1.4,Furgón
1284,Volkswagen,Polo,2020,Nafta,5,Manual,1.6,Hatchback
1285,Nissan,New Versa,2020,Nafta,4,Automática,1.6,Sedán
1286,Renault,Sandero Stepway,2021,Nafta,5,Manual,1.6,Hatchback
1288,Toyota,Yaris,2022,Nafta,5,Manual,1.5,Hatchback
1289,Nissan,Sentra,2021,Nafta,4,Automática,2.0,Sedán
1290,Fiat,Fiorino,2022,Nafta,3,Manual,1.4,Furgón
1293,Fiat,Mobi,2022,Nafta,5,Manual,1.0,Hatchback
1294,Renault,Sandero Stepway,2022,Nafta,5,Manual,1.6,Hatchback
1295,Renault,Kangoo,2022,Nafta,3,Manual,1.6,Furgón
1296,Renault,ALASKAN,2022,Diésel,4,Automática,2.3,Pick-Up
1297,Fiat,Cronos,2022,Nafta,4,Manual,1.3,Sedán
1299,Toyota,Etios,2022,Nafta,5,Automática,1.5,Hatchback
1300,Volkswagen,Nivus,2021,Nafta,5,Automática,1.0,SUV
1301,Jeep,Commander,2022,Diésel,5,Automática,2.0,SUV
1302,Toyota,Hilux,2022,Diésel,4,Manual,2.8,Pick-Up
1303,Kia,Rio,2022,Nafta,5,Automática,1.6,Hatchback
1304,Chevrolet,Cruze,2022,Nafta,4,Manual,1.4,Sedán
1305,Renault,Oroch,2022,Nafta,4,Manual,1.3,SUV
1306,Fiat,Ducato,2022,Diésel,4,Manual,1.4,Furgón
1307,Toyota,Etios,2022,Nafta,5,Automática,1.5,Hatchback
1308,Nissan,Kicks,2021,Nafta,5,Automática,1.6,Hatchback
1309,Chevrolet,Cruze 5,2022,Nafta,5,Automática,1.4,Hatchback
1310,Chevrolet,Onix,2022,Nafta,5,Automática,1.0,Hatchback
1311,Citroën,C3,2022,Nafta,5,Manual,1.2,Hatchback
1312,Jeep,Compass,2022,Nafta,5,Automática,1.3,SUV
1313,Toyota,Yaris,2023,Nafta,4,Automática,1.5,Sedán
1314,Toyota,Hilux,2022,Diésel,4,Automática,2.8,Pick-Up
1315,Renault,ALASKAN,2022,Diésel,4,Manual,2.3,Pick-Up
1316,Toyota,Yaris,2021,Nafta,4,Automática,1.5,Sedán
1317,Renault,Logan,2022,Nafta,4,Manual,1.6,Sedán
1318,Renault,Sandero Stepway,2022,Nafta,5,Manual,1.6,Hatchback
1319,Toyota,Yaris,2021,Nafta,5,Automática,1.5,Hatchback
1320,Toyota,Corolla,2022,Nafta,4,Automática,1.8,Sedán
1321,Volkswagen,Taos,2022,Nafta,5,Automática,1.4,SUV
1322,Toyota,Yaris,2022,Nafta,4,Automática,1.5,Sedán
1323,Chevrolet,Onix,2022,Nafta,5,Manual,1.0,Hatchback
1324,Toyota,Yaris,2022,Nafta,5,Manual,1.5,Hatchback
1325,Renault,ALASKAN,2021,Diésel,4,Automática,2.3,Pick-Up
1326,Fiat,Toro,2022,Nafta,4,Automática,1.8,Pick-Up
1327,Volkswagen,Amarok,2022,Diésel,4,Automática,3.0,Pick-Up
1328,Fiat,Pulse,2022,Nafta,5,Automática,1.0,SUV
1329,Fiat,Strada,2022,Nafta,3,Manual,1.3,Pick-Up
1330,Fiat,Toro,2021,Diésel,4,Automática,2.0,Pick-Up
1331,Peugeot,208,2022,Nafta,5,Manual,1.2,Hatchback
1332,Kia,Cerato,2022,Nafta,4,Automática,2.0,Sedán
1334,Renault,Sandero Stepway,2022,Nafta,5,Manual,1.6,Hatchback
1335,Renault,Sandero Stepway,2022,Nafta,5,Manual,1.6,Hatchback
1337,Renault,Captur,2021,Nafta,5,Automática,1.6,SUV
1338,Nissan,Frontier,2023,Diésel,4,Automática,2.3,Pick-Up
1339,Chevrolet,Cruze II,2021,Nafta,5,Manual,1.4,Hatchback
1340,Chevrolet,Equinox,2022,Nafta,5,Automática,1.5,SUV
1342,Renault,Sandero Stepway,2023,Nafta,5,Manual,1.6,Hatchback
1343,Citroën,Berlingo,2022,Nafta,3,Manual,1.4,Furgón
1344,Citroën,C5 Aircross,2023,Nafta,5,Automática,1.6,SUV
1345,Citroën,C5 Aircross,2021,Nafta,5,Automática,1.6,SUV
1346,Renault,Kangoo,2021,Nafta,3,Manual,1.6,Furgón
1347,Fiat,Strada,2022,Nafta,3,Manual,1.4,Pick-Up
1348,Renault,Kangoo,2022,Nafta,3,Manual,1.6,Furgón
1349,Renault,Sandero Stepway,2022,Nafta,5,Manual,1.6,Hatchback
1351,Ford,Bronco,2022,Nafta,5,Automática,1.5,SUV
1352,Chevrolet,S10,2022,Diésel,4,Automática,2.8,Pick-Up
1355,Toyota,Hilux,2022,Diésel,4,Manual,2.8,Pick-Up
1356,Ds3,Crossback,2021,Nafta,5,Automática,1.2,Hatchback
1358,Renault,Kangoo,2022,Nafta,3,Manual,1.6,Furgón
1359,Volkswagen,Tiguan Allspace,2022,Nafta,5,Automática,2.0,SUV
1360,Fiat,Strada,2021,Nafta,3,Manual,1.3,Pick-Up
1361,Ford,Transit,2022,Diésel,2,Manual,2.2,Furgón
1362,Fiat,Cronos,2022,Nafta,4,Manual,1.3,Sedán
1363,Renault,Sandero,2022,Nafta,5,Manual,1.6,Hatchback
1364,Nissan,Kicks,2021,Nafta,5,Manual,1.6,Hatchback
1365,Chevrolet,S10,2022,Diésel,4,Automática,2.8,Pick-Up
1366,Toyota,Hilux,2022,Diésel,4,Manual,2.4,Pick-Up
1367,Jeep,Commander,2022,Diésel,5,Automática,2.0,SUV
1368,Fiat,Toro,2021,Nafta,4,Automática,1.8,Pick-Up
1369,Volkswagen,Vento,2021,Nafta,4,Automática,1.4,Sedán
1370,Jeep,Compass,2022,Nafta,5,Automática,1.3,SUV
1371,Fiat,Mobi,2022,Nafta,5,Manual,1.0,Hatchback
1372,Volkswagen,Amarok,2023,Diésel,4,Automática,3.0,Pick-Up
1374,Ford,Ranger,2022,Diésel,4,Automática,2.2,Pick-Up
1375,Chevrolet,S10,2022,Diésel,4,Automática,2.8,Pick-Up
1378,Toyota,Hilux,2022,Diésel,4,Manual,2.8,Pick-Up
1379,Renault,Kangoo,2021,Nafta,3,Manual,1.6,Furgón
1380,Chevrolet,S10,2022,Diésel,4,Manual,2.8,Pick-Up
1381,Volkswagen,Amarok,2022,Diésel,4,Automática,3.0,Pick-Up
1382,Chevrolet,Spin,2022,Nafta,5,Manual,1.8,Monovolumen
1383,Peugeot,208,2023,Nafta,5,Automática,1.6,Hatchback
1384,Nissan,Frontier,2023,Diésel,4,Manual,2.3,Pick-Up
1385,Jeep,Compass,2022,Nafta,5,Automática,1.3,SUV
1386,Fiat,Fiorino,2020,Nafta,3,Manual,1.4,Furgón
1387,Renault,Kangoo,2022,Nafta,3,Manual,1.6,Monovolumen
1388,Renault,Kangoo,2022,Nafta,3,Manual,1.6,Furgón
1389,Renault,Duster,2021,Nafta,5,Automática,1.6,Sedán
1390,Ford,Ecosport,2022,Nafta,5,Manual,1.5,SUV
1391,Volkswagen,Amarok,2021,Diésel,4,Automática,3.0,Pick-Up
1392,Nissan,Frontier,2021,Diésel,4,Manual,2.3,Pick-Up
1394,Fiat,Toro,2022,Nafta,4,Automática,1.3,Pick-Up
1398,Fiat,Toro,2023,Diésel,4,Automática,2.0,Pick-Up
1399,Volkswagen,Amarok,2023,Diésel,4,Manual,2.0,Pick-Up
1400,Renault,Sandero Stepway,2021,Nafta,5,Manual,1.6,Hatchback
1401,Renault,ALASKAN,2021,Diésel,4,Manual,2.3,Pick-Up
1402,Volkswagen,Taos,2022,Nafta,5,Automática,1.4,SUV
1403,Fiat,Strada,2022,Nafta,3,Manual,1.4,Pick-Up
1404,Citroën,C4 Cactus,2022,Nafta,5,Manual,1.6,SUV
1405,Peugeot,208,2022,Nafta,5,Automática,1.6,Hatchback
1406,Jeep,Compass,2022,Nafta,5,Automática,1.3,SUV
1407,Fiat,Pulse,2022,Nafta,5,Automática,1.3,SUV
1408,Renault,Captur,2021,Nafta,5,Automática,1.6,SUV
1409,Nissan,Sentra,2023,Nafta,4,Automática,2.0,Sedán
1410,Fiat,Cronos,2021,Nafta,4,Automática,1.8,Sedán
1412,Volkswagen,Nivus,2021,Nafta,5,Automática,1.0,SUV
1414,Volkswagen,Amarok,2021,Diésel,4,Automática,3.0,Pick-Up
1415,Renault,Duster,2022,Nafta,5,Manual,1.6,SUV
1416,Chevrolet,Cruze 5,2022,Nafta,5,Automática,1.4,Hatchback
1418,Renault,Logan,2022,Nafta,4,Manual,1.6,Sedán
1419,Volkswagen,Amarok,2022,Diésel,4,Manual,2.0,Pick-Up
1420,Kia,K2500,2022,Diésel,2,Manual,2.5,Light Truck
1421,Renault,Captur,2022,Nafta,5,Automática,1.6,SUV
1422,Toyota,Yaris,2022,Nafta,5,Automática,1.5,Hatchback
1423,Fiat,Cronos,2022,Nafta,4,Manual,1.3,Sedán
1424,Fiat,Toro,2022,Nafta,4,Automática,1.3,Pick-Up
1425,Chevrolet,Trailblazer,2022,Diésel,5,Automática,2.8,SUV
1426,Jeep,Compass,2021,Diésel,5,Automática,2.4,SUV
1427,Nissan,Frontier,2023,Diésel,4,Automática,2.3,Pick-Up
1429,Volkswagen,Vento,2022,Nafta,4,Automática,1.4,Sedán
1430,Renault,Kangoo,2022,Nafta,3,Manual,1.6,Furgón
1431,Chevrolet,Onix,2023,Nafta,5,Automática,1.0,Hatchback
1432,Renault,ALASKAN,2022,Diésel,4,Automática,2.3,Pick-Up
1433,Renault,Captur,2021,Nafta,5,Manual,2.0,SUV
1435,Volkswagen,Amarok,2022,Diésel,4,Automática,2.0,Pick-Up
1436,Toyota,Corolla,2022,Nafta,4,Manual,1.8,Sedán
1437,Fiat,Cronos,2022,Nafta,4,Manual,1.3,Sedán
1438,Peugeot,Partner,2022,Diésel,3,Manual,1.6,Furgón
1439,Fiat,Argo,2021,Nafta,5,Manual,1.3,Hatchback
1440,RAM,1500,2021,Nafta,4,Automática,5.7,Pick-Up
1441,Chevrolet,Tracker,2021,Nafta,5,Automática,1.2,SUV
1442,Volkswagen,Taos,2022,Nafta,5,Automática,1.4,SUV
1443,Renault,Logan,2022,Nafta,4,Manual,1.6,Sedán
1444,Renault,Duster Oroch,2022,Nafta,5,Automática,1.3,Off-Road
1445,Peugeot,5008,2022,Diésel,5,Automática,2.0,Monovolumen
1446,Chevrolet,S10,2022,Diésel,4,Automática,2.8,Pick-Up
1447,Peugeot,Partner Patagónica,2022,Nafta,4,Manual,1.6,Monovolumen
1448,Jeep,Compass,2023,Nafta,5,Automática,1.3,SUV
1451,Nissan,X-Trail,2022,Nafta,5,Automática,2.5,SUV
1452,Toyota,Corolla,2023,Nafta,4,Automática,2.0,Sedán
1453,Ford,Ranger,2021,Diésel,4,Automática,2.2,Pick-Up
1454,Volkswagen,Vento,2022,Nafta,4,Automática,1.4,Sedán
1455,Volkswagen,Vento,2021,Nafta,4,Automática,1.4,Sedán
1456,Nissan,Sentra,2021,Nafta,4,Manual,2.0,Sedán
1457,Renault,Duster Oroch,2022,Nafta,4,Manual,2.0,SUV
1458,Jeep,Commander,2022,Diésel,5,Automática,2.0,SUV
1459,Chevrolet,Cruze,2022,Nafta,4,Automática,1.4,Sedán
1461,Jeep,Compass,2022,Nafta,5,Automática,1.3,SUV
1462,Jeep,Compass,2022,Nafta,5,Automática,1.3,SUV
1463,Volkswagen,Taos,2022,Nafta,5,Automática,1.4,SUV
1464,Volkswagen,Taos,2023,Nafta,5,Automática,1.4,SUV
1465,Chevrolet,Onix plus,2022,Nafta,4,Manual,1.2,Sedán
1467,Renault,ALASKAN,2022,Diésel,4,Automática,2.3,Pick-Up
1469,Chevrolet,Tracker,2022,Nafta,5,Automática,1.2,SUV
1470,Fiat,Toro,2022,Diésel,4,Automática,2.0,Pick-Up
1471,Jeep,Compass,2022,Nafta,5,Automática,1.3,SUV
1472,Chevrolet,Cruze,2022,Nafta,4,Manual,1.4,Sedán
1473,Renault,Kangoo,2022,Nafta,3,Manual,1.6,Furgón
1474,Nissan,Kicks,2021,Nafta,5,Manual,1.6,Hatchback
1475,Volkswagen,Polo,2022,Nafta,5,Manual,1.6,Hatchback
1476,Chevrolet,Onix,2022,Nafta,5,Automática,1.0,Hatchback
1478,Peugeot,2008,2022,Nafta,5,Manual,1.6,SUV
1479,Chevrolet,S10,2022,Diésel,4,Automática,2.8,Pick-Up
1480,Nissan,Frontier,2022,Diésel,4,Manual,2.3,Pick-Up
1481,Chevrolet,Cruze 5,2022,Nafta,5,Automática,1.4,Hatchback
1483,Chevrolet,Spin,2021,Nafta,5,Manual,1.8,Monovolumen
1484,Volkswagen,Taos,2021,Nafta,5,Automática,1.4,SUV
1485,Citroën,C3,2022,Nafta,5,Manual,1.5,Hatchback
1488,Fiat,Pulse,2022,Nafta,5,Manual,1.3,SUV
1489,Fiat,Argo,2022,Nafta,5,Manual,1.3,Hatchback
1490,Ford,Ranger,2022,Diésel,4,Automática,2.2,Pick-Up
1491,Fiat,Strada,2022,Nafta,3,Manual,1.3,Pick-Up
1493,Volkswagen,Taos,2022,Nafta,5,Automática,1.4,SUV
1495,Nissan,Kicks,2023,Nafta,5,Automática,1.6,Hatchback
1496,Toyota,Etios,2022,Nafta,4,Automática,1.5,Sedán
1497,Nissan,Kicks,2021,Nafta,5,Manual,1.6,Hatchback
1498,Nissan,Kicks,2021,Nafta,5,Manual,1.6,Hatchback
1499,Chevrolet,Cruze 5,2022,Nafta,5,Automática,1.4,Hatchback
1500,Peugeot,Partner,2022,Nafta,3,Manual,1.6,Furgón
1501,Peugeot,Boxer,2022,Diésel,3,Manual,2.2,Furgón
1503,Fiat,Toro,2022,Nafta,4,Automática,1.8,Pick-Up
1504,Renault,ALASKAN,2022,Diésel,4,Manual,2.3,Pick-Up
1505,Fiat,Toro,2022,Nafta,4,Automática,1.8,Pick-Up
1506,Citroën,C4 Cactus,2023,Nafta,5,Manual,1.6,SUV
1507,Citroën,C3,2022,Nafta,5,Manual,1.2,Hatchback
1509,Fiat,Cronos,2023,Nafta,5,Manual,1.3,Sedán
1510,Fiat,Pulse,2022,Nafta,5,Automática,1.3,SUV
1511,Citroën,Jumper,2023,Diésel,3,Manual,2.2,Furgón
1512,Volkswagen,Amarok,2022,Diésel,4,Manual,2.0,Pick-Up
1513,Volkswagen,Amarok,2022,Diésel,4,Manual,2.0,Pick-Up
1514,Peugeot,208,2023,Nafta,5,Automática,1.6,Hatchback
1515,Chevrolet,S10,2022,Diésel,4,Manual,2.8,Pick-Up
1516,Fiat,Pulse,2022,Nafta,5,Automática,1.0,SUV
1517,Renault,Logan,2022,Nafta,4,Manual,1.6,Sedán
1518,Peugeot,208,2022,Nafta,5,Manual,1.2,Hatchback
1519,Fiat,Cronos,2022,Nafta,4,Manual,1.3,Sedán
1520,Fiat,Cronos,2021,Nafta,4,Manual,1.3,Sedán
1522,Fiat,Toro,2022,Diésel,4,Automática,2.0,Pick-Up
1523,Volkswagen,Taos,2022,Nafta,5,Automática,1.4,SUV
1524,Citroën,C4 Lounge,2022,Diésel,4,Manual,1.6,Sedán
1525,Fiat,Pulse,2022,Nafta,5,Manual,1.3,SUV
1526,Nissan,Frontier,2022,Diésel,4,Automática,2.3,Pick-Up
1527,Jeep,Commander,2022,Diésel,5,Automática,2.0,SUV
1528,Volkswagen,Amarok,2022,Diésel,4,Automática,2.0,Pick-Up
1529,Chevrolet,Cruze,2021,Nafta,5,Manual,1.4,Hatchback
1530,Renault,ALASKAN,2022,Diésel,4,Manual,2.3,Pick-Up
1531,Chevrolet,Onix plus,2021,Nafta,4,Manual,1.4,Sedán
1532,Renault,Kangoo,2022,Nafta,3,Manual,1.6,Furgón
1534,Nissan,Frontier,2022,Diésel,4,Automática,2.3,Pick-Up
1535,Volkswagen,Amarok,2021,Diésel,4,Automática,3.0,Pick-Up
1536,Volkswagen,Saveiro,2022,Nafta,2,Manual,1.6,Pick-Up
1539,Renault,Kangoo,2022,Nafta,5,Manual,1.6,Monovolumen
1540,Chevrolet,Onix,2022,Nafta,5,Manual,1.2,Hatchback
1541,Citroën,C4 Cactus,2022,Nafta,5,Automática,1.6,SUV
1542,Volkswagen,Amarok,2021,Diésel,4,Automática,2.0,Pick-Up
1543,Toyota,Corolla Cross,2022,Nafta,5,Automática,2.0,SUV
1545,Jeep,Compass,2022,Nafta,5,Automática,1.3,SUV
1546,Nissan,Frontier,2023,Diésel,4,Automática,2.3,Pick-Up
1547,Volkswagen,Virtus,2022,Nafta,4,Automática,1.6,Sedán
1548,Fiat,Pulse,2022,Nafta,5,Manual,1.3,SUV
1549,Fiat,Pulse,2022,Nafta,5,Manual,1.3,SUV
1550,Renault,Logan,2022,Nafta,4,Manual,1.6,Sedán
1551,Citroën,C4 Cactus,2022,Nafta,5,Automática,1.6,SUV
1552,Volkswagen,Amarok,2021,Diésel,4,Automática,2.0,Pick-Up
1553,Volkswagen,2.0 Cd Tdi 140cv Trendline,2022,Diésel,4,Manual,2.0,Pick-Up
1554,Jeep,Renegade,2022,Diésel,5,Automática,2.4,SUV
1556,Volkswagen,Amarok,2022,Diésel,4,Automática,2.0,Pick-Up
1557,Toyota,Corolla,2022,Híbrido,4,Automática,1.8,Sedán
1558,Toyota,Yaris,2021,Nafta,5,Automática,1.5,Hatchback
1559,Toyota,Etios,2023,Nafta,4,Manual,1.5,Sedán
1561,Fiat,Pulse,2022,Nafta,5,Manual,1.3,SUV
1563,Renault,Kangoo,2022,Diésel,3,Manual,1.5,Monovolumen
1564,Volkswagen,Amarok,2021,Diésel,4,Manual,2.0,Pick-Up
1565,Chevrolet,Onix plus,2022,Nafta,4,Manual,1.4,Sedán
1566,Renault,Captur,2022,Nafta,5,Manual,2.0,SUV
1568,Nissan,Frontier,2022,Diésel,4,Manual,2.3,Pick-Up
1569,Renault,Kangoo,2021,Diésel,3,Manual,1.5,Furgón
1570,Toyota,Hilux,2021,Diésel,4,Manual,2.4,Pick-Up
1571,Renault,Kangoo,2022,Nafta,3,Manual,1.6,Furgón
1572,Peugeot,208,2022,Nafta,5,Manual,1.2,Hatchback
1573,Renault,Sandero Stepway,2023,Nafta,5,Manual,1.6,Hatchback
1574,Ford,Territory,2021,Nafta,5,Automática,1.5,SUV
1575,Renault,Duster,2023,Diésel,5,Automática,1.3,Hatchback
1577,Renault,Duster,2021,Nafta,5,Manual,1.6,Sedán
1578,Nissan,Kicks,2021,Nafta,5,Manual,1.6,Hatchback
1579,Nissan,Kicks,2023,Nafta,5,Manual,1.6,Hatchback
1581,Chevrolet,S10,2022,Diésel,4,Automática,2.8,Pick-Up
1584,Peugeot,208,2023,Nafta,5,Automática,1.6,Hatchback
1585,Fiat,Cronos,2022,Nafta,4,Manual,1.3,Sedán
1586,Renault,Sandero Stepway,2022,Nafta,5,Manual,1.6,Hatchback
1587,Renault,Sandero,2022,Nafta,5,Manual,1.6,Hatchback
1588,Volkswagen,Virtus,2022,Nafta,4,Manual,1.6,Sedán
1590,Renault,Captur,2021,Nafta,5,Automática,2.0,SUV
1592,Renault,Kangoo,2023,Nafta,3,Manual,1.6,Furgón
1593,Ford,Ranger,2022,Diésel,4,Automática,3.2,Pick-Up
1594,Chevrolet,Cruze 5,2022,Nafta,5,Automática,1.4,Hatchback
1595,Volkswagen,Amarok,2022,Diésel,4,Manual,2.0,Pick-Up
1596,Volkswagen,Amarok,2022,Diésel,4,Automática,3.0,Pick-Up
1597,Renault,Kangoo,2022,Diésel,3,Manual,1.5,Furgón
1598,Peugeot,Partner,2021,Nafta,3,Manual,1.6,Furgón
1599,Chevrolet,Cruze 5,2022,Nafta,5,Automática,1.4,Hatchback
1600,Volkswagen,Amarok,2022,Diésel,4,Automática,3.0,Pick-Up
1601,Citroën,C3,2022,Nafta,5,Manual,1.2,Hatchback
1603,Nissan,Frontier,2023,Diésel,4,Automática,2.3,Pick-Up
1604,Fiat,Toro,2022,Nafta,4,Automática,2.0,Pick-Up
1606,Ford,Ecosport,2022,Nafta,5,Manual,1.5,SUV
1607,Chevrolet,Equinox,2022,Nafta,5,Automática,1.5,SUV
1608,Fiat,Mobi,2022,Nafta,4,Manual,1.0,Hatchback
1609,Nissan,Frontier,2023,Diésel,4,Automática,2.3,Pick-Up
1610,Citroën,Berlingo,2022,Nafta,3,Manual,1.6,Furgón
1611,Renault,Kangoo,2023,Nafta,3,Manual,1.6,Monovolumen
1612,Citroën,C4 Cactus,2022,Nafta,5,Automática,1.6,SUV
1613,Peugeot,208,2023,Nafta,5,Automática,1.6,Hatchback
1614,Chevrolet,Tracker,2022,Nafta,5,Automática,1.2,SUV
1615,Jeep,Renegade,2022,Nafta,5,Manual,1.8,SUV
1616,Volkswagen,T-Cross,2022,Nafta,5,Automática,1.0,SUV
1618,Honda,HR-V,2021,Nafta,5,Automática,1.8,SUV
1620,Citroën,C3,2022,Nafta,5,Automática,1.6,Hatchback
1621,Renault,Sandero Stepway,2021,Nafta,5,Manual,1.6,Hatchback
1623,Renault,Kangoo,2021,Diésel,3,Manual,1.5,Furgón
1625,Fiat,Toro,2022,Diésel,4,Automática,2.0,Pick-Up
1626,Ford,Ranger,2022,Diésel,4,Automática,2.2,Pick-Up
1627,Fiat,Cronos,2022,Nafta,4,Manual,1.3,Sedán
1628,Chevrolet,Onix,2023,Nafta,5,Manual,1.2,Hatchback
1630,Nissan,Sentra,2022,Nafta,4,Automática,2.0,Sedán
1631,Volkswagen,Taos,2022,Nafta,5,Automática,1.4,SUV
1632,DS,DS3 Crossback,2022,Nafta,5,Automática,1.2,Hatchback
1633,Volkswagen,Amarok CD 3.0 258cv,2022,Diésel,4,Automática,3.0,Pick-Up
1634,Jeep,Renegade,2022,Nafta,5,Automática,1.8,SUV
1635,Jeep,Renegade,2022,Nafta,5,Automática,1.8,SUV
1636,Fiat,Toro,2022,Nafta,4,Automática,1.3,Pick-Up
1638,Nissan,Frontier,2023,Diésel,4,Manual,2.3,Pick-Up
1639,Toyota,Etios,2022,Nafta,4,Manual,1.5,Sedán
1640,Fiat,Toro,2021,Nafta,4,Automática,1.8,Pick-Up
1642,Baic,X55,2022,Nafta,5,Manual,1.5,SUV
1643,Fiat,Ducato,2020,Diésel,5,Manual,2.3,Furgón
1645,Peugeot,208,2023,Nafta,5,Automática,1.6,Hatchback
1647,Ford,Ranger,2021,Diésel,4,Automática,3.2,Pick-Up
1648,Fiat,Toro,2022,Nafta,4,Automática,1.8,Pick-Up
1649,Renault,Duster,2022,Nafta,5,Manual,1.3,Hatchback
1650,Fiat,Toro,2023,Nafta,4,Automática,1.8,Pick-Up
1651,Nissan,Frontier,2023,Diésel,4,Automática,2.3,Pick-Up
1652,Fiat,TORO 1.3 T AT6,2021,Nafta,4,Automática,1.8,Pick-Up
1656,Renault,Kangoo,2022,Nafta,3,Manual,1.6,Furgón
1657,Chevrolet,Cruze 5,2022,Nafta,5,Automática,1.4,Hatchback
1658,RAM,1500,2022,Nafta,4,Automática,5.7,Pick-Up
1660,Chevrolet,Tracker,2022,Nafta/GNC,5,Automática,1.2,SUV
1661,Chevrolet,S10,2022,Diésel,4,Manual,2.8,Pick-Up
1662,Volkswagen,Amarok,2022,Diésel,4,Manual,2.0,Pick-Up
1663,Citroën,Berlingo,2022,Nafta,3,Manual,1.6,Furgón
1664,Chevrolet,Cruze,2023,Nafta,4,Automática,1.4,Sedán
1665,Toyota,Hilux,2023,Diésel,4,Automática,2.8,Pick-Up
1666,Fiat,Toro,2021,Nafta,4,Automática,1.8,Pick-Up
1667,Volkswagen,T-Cross,2021,Nafta,5,Manual,1.6,SUV
1669,Renault,Logan,2022,Nafta,4,Manual,1.6,Sedán
1670,Fiat,Toro,2022,Nafta,4,Automática,2.0,Pick-Up
1673,Chevrolet,Cruze 5,2022,Nafta,5,Automática,1.4,Hatchback
1674,Chevrolet,Equinox,2023,Nafta,5,Automática,1.5,SUV
1675,Fiat,Toro,2023,Diésel,4,Automática,2.0,Pick-Up
1676,Chevrolet,Cruze,2022,Nafta,4,Automática,1.4,Sedán
1677,Peugeot,Boxer,2023,Diésel,3,Manual,2.2,Furgón
1678,Toyota,Yaris,2022,Nafta,5,Manual,1.5,Hatchback
1679,DS,DS4,2023,Nafta,5,Automática,1.6,Hatchback
1680,Nissan,Frontier,2021,Diésel,4,Manual,2.3,Pick-Up
1682,Renault,ALASKAN,2022,Diésel,4,Automática,2.3,Pick-Up
1683,Chevrolet,Tracker,2022,Nafta,5,Automática,1.2,SUV
1684,Fiat,Pulse,2023,Nafta,5,Automática,1.3,SUV
1685,Chevrolet,S10,2021,Diésel,4,Manual,2.8,Pick-Up
1686,Citroën,C4 Cactus,2022,Nafta,5,Manual,1.6,SUV
1688,Volkswagen,Amarok,2023,Diésel,4,Automática,3.0,Pick-Up
1689,DS,DS4,2023,Nafta,5,Automática,1.6,Hatchback
1690,Fiat,Cronos,2023,Nafta,4,Manual,1.3,Sedán
1691,Toyota,Yaris,2022,Nafta,5,Manual,1.5,Hatchback
1692,Peugeot,2008,2021,Nafta,5,Manual,1.6,SUV
1694,Fiat,Cronos,2023,Nafta,4,Manual,1.3,Sedán
1695,Nissan,X-Trail,2021,Nafta,5,Automática,2.5,SUV
1696,Chevrolet,Onix,2022,Nafta,5,Manual,1.2,Hatchback
1697,Peugeot,208,2021,Nafta,5,Manual,1.2,Hatchback
1699,Renault,Kangoo,2021,Nafta,3,Manual,1.6,Furgón
1700,Renault,Kangoo,2022,Diésel,3,Manual,1.5,Monovolumen
1701,Fiat,Toro,2022,Diésel,4,Automática,2.0,Pick-Up
1702,Ford,Transit,2022,Diésel,2,Manual,2.2,Furgón
1703,Chevrolet,Onix,2022,Nafta,5,Manual,1.4,Hatchback
1704,Citroën,C3,2022,Nafta,5,Manual,1.6,Hatchback
1705,Renault,Kangoo,2021,Nafta,5,Manual,1.6,Furgón
1706,Renault,Kangoo,2021,Diésel,3,Manual,1.5,Furgón
1708,Renault,Duster,2023,Nafta,5,Manual,1.6,Off-Road
1709,Fiat,Toro,2021,Nafta,4,Automática,1.8,Pick-Up
1710,Volkswagen,Taos,2022,Nafta,5,Automática,1.4,SUV
1711,Toyota,Hilux,2022,Diésel,4,Automática,2.8,Pick-Up
1713,Fiat,Cronos,2021,Nafta,4,Manual,1.3,Sedán
1714,Nissan,Kicks,2023,Nafta,5,Manual,1.6,Hatchback
1715,Volkswagen,Taos,2022,Nafta,5,Automática,1.4,SUV
1716,Nissan,Frontier,2021,Diésel,4,Manual,2.3,Pick-Up
1717,Renault,ALASKAN,2022,Diésel,4,Manual,2.3,Pick-Up
1718,Renault,ALASKAN,2021,Diésel,4,Manual,2.3,Pick-Up
1719,Toyota,Yaris,2021,Nafta,5,Automática,1.5,Hatchback
1720,Chevrolet,Cruze 5,2022,Nafta,5,Manual,1.4,Hatchback
1721,Chevrolet,Cruze 5,2022,Nafta,5,Manual,1.4,Hatchback
1722,Peugeot,208,2022,Nafta,5,Manual,1.6,Sedán
1723,Fiat,Pulse,2022,Nafta,5,Automática,1.0,SUV
1724,Chevrolet,Tracker,2022,Nafta,5,Automática,1.2,SUV
1725,Chevrolet,Equinox,2021,Nafta,5,Automática,1.5,SUV
1726,Renault,Sandero Stepway zen 1.6,2022,Nafta,5,Manual,1.6,SUV
1727,Renault,Kangoo,2020,Nafta,3,Manual,1.6,Furgón
1728,Peugeot,208,2023,Nafta,5,Automática,1.6,Hatchback
1729,Chevrolet,Onix plus,2023,Nafta,4,Manual,1.2,Sedán
1731,Volkswagen,T-Cross,2021,Nafta,5,Automática,1.0,SUV
1732,Renault,ALASKAN,2022,Diésel,4,Manual,2.3,Pick-Up
1733,Toyota,Etios,2021,Nafta,4,Manual,1.5,Sedán
1734,Renault,Kangoo,2022,Nafta,3,Manual,1.6,Furgón
1735,Renault,Kangoo,2022,Nafta,4,Manual,1.6,Monovolumen
1736,Chevrolet,Equinox,2022,Nafta,5,Automática,1.5,SUV
1737,Mercedes-Benz,Sprinter,2022,Diésel,4,Manual,2.1,Furgón
1738,Chevrolet,Onix,2023,Nafta,5,Manual,1.2,Hatchback
1739,Fiat,Pulse,2023,Nafta,5,Automática,1.3,SUV
1740,Nissan,Frontier,2023,Diésel,4,Automática,2.3,Pick-Up
1741,Renault,KANGOO II STEPWAY 1.5,2021,Diésel,5,Manual,1.5,Monovolumen
1742,Renault,Kangoo,2021,Nafta,3,Manual,1.6,Furgón
1745,Fiat,Strada,2021,Nafta/GNC,3,Manual,1.4,Pick-Up
1746,Renault,Logan,2021,Nafta,4,Manual,1.6,Sedán
1748,Chevrolet,Cruze 5,2022,Nafta,5,Automática,1.4,Hatchback
1750,Peugeot,208,2022,Nafta,5,Manual,1.6,Hatchback
1751,RAM,1500,2022,Nafta,4,Automática,5.7,Pick-Up
1753,Chevrolet,Onix,2022,Nafta,5,Automática,1.0,Hatchback
1754,Mercedes-Benz,Sprinter,2022,Diésel,2,Manual,2.1,Furgón
1755,Toyota,Hilux,2023,Diésel,4,Automática,2.8,Pick-Up
1756,Nissan,Frontier,2022,Diésel,4,Automática,2.3,Pick-Up
1757,Renault,Sandero Stepway,2022,Nafta,5,Manual,1.6,Hatchback
1758,Chevrolet,Onix,2022,Nafta,5,Manual,1.2,Hatchback
1759,RAM,1500,2022,Nafta,4,Automática,5.7,Pick-Up
1760,Chevrolet,S10,2020,Diésel,4,Manual,2.8,Pick-Up
1761,Fiat,Cronos,2021,Nafta,4,Manual,1.3,Sedán
